group,sequence,image_id,relative_path,verified_person_count,verified_visible_face_count,orientation,brightness_bucket,mean_luminance,contrast,colorfulness,framing_proxy,width,height,largest_person_box_area,open_images_download_url,original_url,original_landing_url,license,author,author_profile_url,title
no_person,1,06e6d91815e6654a,images/no_person/no_person_001_06e6d91815e6654a.jpg,0,0,landscape,mid,0.3618,0.1455,0.3089,none,1024,520,0.0000,https://open-images-dataset.s3.amazonaws.com/validation/06e6d91815e6654a.jpg,https://c3.staticflickr.com/8/7121/7587548348_63c9bd2e24_o.jpg,https://www.flickr.com/photos/notionscapital/7587548348,https://creativecommons.org/licenses/by/2.0/,Mike Licht,https://www.flickr.com/people/notionscapital/,Hotdog Sign
no_person,2,06fa10cbc74024e6,images/no_person/no_person_002_06fa10cbc74024e6.jpg,0,0,landscape,mid,0.4093,0.2443,0.4322,none,1024,617,0.0000,https://open-images-dataset.s3.amazonaws.com/validation/06fa10cbc74024e6.jpg,https://farm7.staticflickr.com/5010/5352537442_ab63565f54_o.jpg,https://www.flickr.com/photos/nick_moise/5352537442,https://creativecommons.org/licenses/by/2.0/,Moise Nicu,https://www.flickr.com/people/nick_moise/,Constanta Harbour
no_person,3,072425783afb6eda,images/no_person/no_person_003_072425783afb6eda.jpg,0,0,landscape,bright,0.7960,0.3070,0.0119,none,1024,683,0.0000,https://open-images-dataset.s3.amazonaws.com/validation/072425783afb6eda.jpg,https://c3.staticflickr.com/4/3706/10780229035_a5913d179b_o.jpg,https://www.flickr.com/photos/jakobhans/10780229035,https://creativecommons.org/licenses/by/2.0/,Jakob Renpening,https://www.flickr.com/people/jakobhans/,Coco quiere comida
no_person,4,0b024751069e970c,images/no_person/no_person_004_0b024751069e970c.jpg,0,0,portrait,mid,0.3590,0.1379,0.1679,none,680,1024,0.0000,https://open-images-dataset.s3.amazonaws.com/validation/0b024751069e970c.jpg,https://c5.staticflickr.com/7/6143/6193936008_6cc36c961d_o.jpg,https://www.flickr.com/photos/drumminhands/6193936008,https://creativecommons.org/licenses/by/2.0/,Chris Evans,https://www.flickr.com/people/drumminhands/,Door handle of the House I grew up in
no_person,5,0b06b1b0df30c863,images/no_person/no_person_005_0b06b1b0df30c863.jpg,0,0,landscape,dark,0.3302,0.2456,0.0666,none,1024,680,0.0000,https://open-images-dataset.s3.amazonaws.com/validation/0b06b1b0df30c863.jpg,https://farm4.staticflickr.com/3211/5822988534_96e2653bfd_o.jpg,https://www.flickr.com/photos/soelin/5822988534,https://creativecommons.org/licenses/by/2.0/,Soe  Lin,https://www.flickr.com/people/soelin/,Fuji X100 &quot;macro&quot; mode; @ f/2
no_person,6,0fdce5509f34c374,images/no_person/no_person_006_0fdce5509f34c374.jpg,0,0,landscape,mid,0.4038,0.0602,0.1288,none,1024,683,0.0000,https://open-images-dataset.s3.amazonaws.com/validation/0fdce5509f34c374.jpg,https://farm5.staticflickr.com/2893/9342726627_03d71a2a21_o.jpg,https://www.flickr.com/photos/84966493@N00/9342726627,https://creativecommons.org/licenses/by/2.0/,Andy Carvell,https://www.flickr.com/people/84966493@N00/,Eurofighter with smoke
no_person,7,10517249ac232c8f,images/no_person/no_person_007_10517249ac232c8f.jpg,0,0,landscape,mid,0.4367,0.3319,0.1657,none,1024,768,0.0000,https://open-images-dataset.s3.amazonaws.com/validation/10517249ac232c8f.jpg,https://c8.staticflickr.com/1/13/17738828_55d8acd66e_o.jpg,https://www.flickr.com/photos/kevin1024/17738828,https://creativecommons.org/licenses/by/2.0/,Kevin McCarthy,https://www.flickr.com/people/kevin1024/,Apple WWDC '05
no_person,8,12a4925c0c81976e,images/no_person/no_person_008_12a4925c0c81976e.jpg,0,0,landscape,mid,0.4494,0.2691,0.2253,none,1024,687,0.0000,https://open-images-dataset.s3.amazonaws.com/validation/12a4925c0c81976e.jpg,https://c7.staticflickr.com/3/2025/2500214532_c512bf3044_o.jpg,https://www.flickr.com/photos/m-nicolson/2500214532,https://creativecommons.org/licenses/by/2.0/,Mark Nicolson,https://www.flickr.com/people/m-nicolson/,Rusty and newspaper
no_person,9,132e2922f8384f1b,images/no_person/no_person_009_132e2922f8384f1b.jpg,0,0,landscape,dark,0.2573,0.2398,0.1922,none,1024,536,0.0000,https://open-images-dataset.s3.amazonaws.com/validation/132e2922f8384f1b.jpg,https://c4.staticflickr.com/7/6011/6198631345_8f4bef4c43_o.jpg,https://www.flickr.com/photos/astrosamantha/6198631345,https://creativecommons.org/licenses/by/2.0/,Samantha Cristoforetti,https://www.flickr.com/people/astrosamantha/,Getting back to ISS in the virtual reality environment.
no_person,10,15bd5eb3bcf98dea,images/no_person/no_person_010_15bd5eb3bcf98dea.jpg,0,0,portrait,bright,0.6691,0.3493,0.1357,none,780,1024,0.0000,https://open-images-dataset.s3.amazonaws.com/validation/15bd5eb3bcf98dea.jpg,https://c3.staticflickr.com/8/7156/13925798134_d891882ae0_o.jpg,https://www.flickr.com/photos/vermazeren/13925798134,https://creativecommons.org/licenses/by/2.0/,Arend,https://www.flickr.com/people/vermazeren/,Birding with V1 + 300/4 AF-S on Berlebach
no_person,12,19611dcf54decdef,images/no_person/no_person_012_19611dcf54decdef.jpg,0,0,landscape,mid,0.5724,0.2516,0.4660,none,1024,764,0.0000,https://open-images-dataset.s3.amazonaws.com/validation/19611dcf54decdef.jpg,https://c8.staticflickr.com/6/5088/5300238652_abc5081715_o.jpg,https://www.flickr.com/photos/7855449@N02/5300238652,https://creativecommons.org/licenses/by/2.0/,David Armano,https://www.flickr.com/people/7855449@N02/,"London, December 2010"
no_person,13,1a5f90a9bba4bae9,images/no_person/no_person_013_1a5f90a9bba4bae9.jpg,0,0,landscape,mid,0.4321,0.2102,0.1489,none,1024,576,0.0000,https://open-images-dataset.s3.amazonaws.com/validation/1a5f90a9bba4bae9.jpg,https://c2.staticflickr.com/1/557/20147743970_233dac5476_o.jpg,https://www.flickr.com/photos/12706975@N03/20147743970,https://creativecommons.org/licenses/by/2.0/,opusmang,https://www.flickr.com/people/12706975@N03/,DSC06686
no_person,14,1aa100b182053061,images/no_person/no_person_014_1aa100b182053061.jpg,0,0,landscape,mid,0.4926,0.1396,0.2498,none,1024,768,0.0000,https://open-images-dataset.s3.amazonaws.com/validation/1aa100b182053061.jpg,https://farm2.staticflickr.com/5204/5255188354_1e0a1015bd_o.jpg,https://www.flickr.com/photos/sbassi/5255188354/,https://creativecommons.org/licenses/by/2.0/,Sebastian Bassi,https://www.flickr.com/people/sbassi/,Chinchulines al plato
no_person,15,1aea1555553e67b4,images/no_person/no_person_015_1aea1555553e67b4.jpg,0,0,landscape,mid,0.3645,0.1510,0.1105,none,1024,768,0.0000,https://open-images-dataset.s3.amazonaws.com/validation/1aea1555553e67b4.jpg,https://farm5.staticflickr.com/5490/11591224374_109e8ba134_o.jpg,https://www.flickr.com/photos/112677958@N03/11591224374,https://creativecommons.org/licenses/by/2.0/,Дмитрий Симонов,https://www.flickr.com/people/112677958@N03/,Tver
no_person,16,1be56e37d4e207fd,images/no_person/no_person_016_1be56e37d4e207fd.jpg,0,0,landscape,mid,0.4788,0.2382,0.1056,none,1024,768,0.0000,https://open-images-dataset.s3.amazonaws.com/validation/1be56e37d4e207fd.jpg,https://c6.staticflickr.com/4/3151/4610624326_416e3f2e9b_o.jpg,https://www.flickr.com/photos/bradbogue/4610624326,https://creativecommons.org/licenses/by/2.0/,Bradley Bogue,https://www.flickr.com/people/bradbogue/,014
no_person,17,1eac057c1ec39218,images/no_person/no_person_017_1eac057c1ec39218.jpg,0,0,landscape,mid,0.4838,0.2533,0.0495,none,1024,683,0.0000,https://open-images-dataset.s3.amazonaws.com/validation/1eac057c1ec39218.jpg,https://c1.staticflickr.com/5/4091/5207587638_9f20f739c9_o.jpg,https://www.flickr.com/photos/oggiedog/5207587638,https://creativecommons.org/licenses/by/2.0/,Herb Neufeld,https://www.flickr.com/people/oggiedog/,"McMinnville, OR"
no_person,18,1fa8972922aa3134,images/no_person/no_person_018_1fa8972922aa3134.jpg,0,0,landscape,mid,0.5365,0.3089,0.1122,none,1024,768,0.0000,https://open-images-dataset.s3.amazonaws.com/validation/1fa8972922aa3134.jpg,https://farm5.staticflickr.com/7477/15093747813_18841e8b56_o.jpg,https://www.flickr.com/photos/37906340@N06/15093747813,https://creativecommons.org/licenses/by/2.0/,CarmenFTBL,https://www.flickr.com/people/37906340@N06/,Conjoined twins
no_person,19,22ca97ba59717f46,images/no_person/no_person_019_22ca97ba59717f46.jpg,0,0,squareish,dark,0.0881,0.0968,0.1781,none,1024,1024,0.0000,https://open-images-dataset.s3.amazonaws.com/validation/22ca97ba59717f46.jpg,https://farm7.staticflickr.com/3464/13014647234_192cd539f0_o.jpg,https://www.flickr.com/photos/christina_1985/13014647234,https://creativecommons.org/licenses/by/2.0/,Christina Milioni,https://www.flickr.com/people/christina_1985/,Friendship Bracelet! #handmadebracelets #handmade #friendshipbracelets #bracelets #blue #purple
no_person,20,2540d6d0d881c2ba,images/no_person/no_person_020_2540d6d0d881c2ba.jpg,0,0,landscape,dark,0.3496,0.2999,0.1125,none,1024,678,0.0000,https://open-images-dataset.s3.amazonaws.com/validation/2540d6d0d881c2ba.jpg,https://c3.staticflickr.com/5/4086/5192582544_e82acfdf53_o.jpg,https://www.flickr.com/photos/kojach/5192582544,https://creativecommons.org/licenses/by/2.0/,Kojach,https://www.flickr.com/people/kojach/,Oops!
no_person,21,2c2327793745fae4,images/no_person/no_person_021_2c2327793745fae4.jpg,0,0,landscape,mid,0.3690,0.1226,0.1699,none,1024,683,0.0000,https://open-images-dataset.s3.amazonaws.com/validation/2c2327793745fae4.jpg,https://farm5.staticflickr.com/1271/5183486327_b09e09694f_o.jpg,https://www.flickr.com/photos/dsyzdek/5183486327,https://creativecommons.org/licenses/by/2.0/,David Syzdek,https://www.flickr.com/people/dsyzdek/,Untitled
no_person,23,312da8cac7929eef,images/no_person/no_person_023_312da8cac7929eef.jpg,0,0,squareish,bright,0.6929,0.1365,0.1446,none,1022,1024,0.0000,https://open-images-dataset.s3.amazonaws.com/validation/312da8cac7929eef.jpg,https://c8.staticflickr.com/6/5455/17785872705_b23e65d90b_o.jpg,https://www.flickr.com/photos/pagedooley/17785872705,https://creativecommons.org/licenses/by/2.0/,Kevin Dooley,https://www.flickr.com/people/pagedooley/,"Gantry crane - Antofagasta, Peru"
no_person,24,330946f94aa4c95a,images/no_person/no_person_024_330946f94aa4c95a.jpg,0,0,landscape,dark,0.3252,0.2769,0.2159,none,1024,768,0.0000,https://open-images-dataset.s3.amazonaws.com/validation/330946f94aa4c95a.jpg,https://c3.staticflickr.com/1/227/450134482_2c0a762e21_o.jpg,https://www.flickr.com/photos/goosmurf/450134482,https://creativecommons.org/licenses/by/2.0/,Yun Huang Yong,https://www.flickr.com/people/goosmurf/,Fully loaded BBQ
no_person,25,342a0c0f5a284f12,images/no_person/no_person_025_342a0c0f5a284f12.jpg,0,0,portrait,mid,0.5985,0.2182,0.1218,none,680,1024,0.0000,https://open-images-dataset.s3.amazonaws.com/validation/342a0c0f5a284f12.jpg,https://farm3.staticflickr.com/3461/3936481183_8c9aef201f_o.jpg,https://www.flickr.com/photos/servus_du/3936481183,https://creativecommons.org/licenses/by/2.0/,Auslandsoesterreicherflickraccountinhaber,https://www.flickr.com/people/servus_du/,We got a new toilet! (to the right)
no_person,26,3570ec5de3e2305d,images/no_person/no_person_026_3570ec5de3e2305d.jpg,0,0,squareish,bright,0.6536,0.2586,0.1459,none,1024,1024,0.0000,https://open-images-dataset.s3.amazonaws.com/validation/3570ec5de3e2305d.jpg,https://c6.staticflickr.com/4/3847/14891260255_5ef615cfdf_o.jpg,https://www.flickr.com/photos/tradlands/14891260255,https://creativecommons.org/licenses/by/2.0/,Tradlands,https://www.flickr.com/people/tradlands/,Easiest garden dill pickles. Recipe is on our blog! http://bit.ly/12jwbNj
no_person,27,359a157112f53889,images/no_person/no_person_027_359a157112f53889.jpg,0,0,landscape,mid,0.5747,0.2897,0.1894,none,1024,768,0.0000,https://open-images-dataset.s3.amazonaws.com/validation/359a157112f53889.jpg,https://c2.staticflickr.com/4/3039/3053157218_a9c80b0fb0_o.jpg,https://www.flickr.com/photos/ishikawa_takanori/3053157218,https://creativecommons.org/licenses/by/2.0/,Takanori Ishikawa,https://www.flickr.com/people/ishikawa_takanori/,ブリ大根
no_person,28,3675c866682c18f6,images/no_person/no_person_028_3675c866682c18f6.jpg,0,0,landscape,bright,0.7292,0.1922,0.3149,none,1024,768,0.0000,https://open-images-dataset.s3.amazonaws.com/validation/3675c866682c18f6.jpg,https://farm7.staticflickr.com/7184/6827885818_20687746b1_o.jpg,https://www.flickr.com/photos/free-stock/6827885818,https://creativecommons.org/licenses/by/2.0/,Emilian Robert Vicol,https://www.flickr.com/people/free-stock/,Fresh-Vegetable-Salad_Healthy-Food__95071
no_person,29,39c350b6714c546c,images/no_person/no_person_029_39c350b6714c546c.jpg,0,0,landscape,dark,0.3438,0.2205,0.2675,none,1024,768,0.0000,https://open-images-dataset.s3.amazonaws.com/validation/39c350b6714c546c.jpg,https://c5.staticflickr.com/1/140/393498835_d6f7ce692d_o.jpg,https://www.flickr.com/photos/jonnyhunter/393498835,https://creativecommons.org/licenses/by/2.0/,Jonny Hunter,https://www.flickr.com/people/jonnyhunter/,cheese
no_person,30,3ab6a89665690034,images/no_person/no_person_030_3ab6a89665690034.jpg,0,0,squareish,mid,0.5353,0.2040,0.4704,none,1024,935,0.0000,https://open-images-dataset.s3.amazonaws.com/validation/3ab6a89665690034.jpg,https://farm5.staticflickr.com/4097/4858952770_a9bd7fcba1_o.jpg,https://www.flickr.com/photos/41038625@N02/4858952770,https://creativecommons.org/licenses/by/2.0/,freiheitskampfer,https://www.flickr.com/people/41038625@N02/,cross-section-house-render-whole-1
no_person,31,3af315d8f6fb676b,images/no_person/no_person_031_3af315d8f6fb676b.jpg,0,0,landscape,dark,0.2533,0.1311,0.0770,none,1024,704,0.0000,https://open-images-dataset.s3.amazonaws.com/validation/3af315d8f6fb676b.jpg,https://c4.staticflickr.com/3/2165/2148527378_561d8c949e_o.jpg,https://www.flickr.com/photos/ferlinka/2148527378,https://creativecommons.org/licenses/by/2.0/,Deb,https://www.flickr.com/people/ferlinka/,Solara coursing - one of her JC runs
no_person,32,3b07a2c0d5c0c789,images/no_person/no_person_032_3b07a2c0d5c0c789.jpg,0,0,landscape,mid,0.5731,0.2068,0.1940,none,1024,514,0.0000,https://open-images-dataset.s3.amazonaws.com/validation/3b07a2c0d5c0c789.jpg,https://c2.staticflickr.com/4/3118/3116433882_34745d81b2_o.jpg,https://www.flickr.com/photos/ssicore/3116433882,https://creativecommons.org/licenses/by/2.0/,Stephanie Sicore,https://www.flickr.com/people/ssicore/,poinsettiasa
no_person,33,40133f118ef72e53,images/no_person/no_person_033_40133f118ef72e53.jpg,0,0,landscape,bright,0.6667,0.1643,0.2239,none,1024,683,0.0000,https://open-images-dataset.s3.amazonaws.com/validation/40133f118ef72e53.jpg,https://farm4.staticflickr.com/7056/13977186183_8afe01e662_o.jpg,https://www.flickr.com/photos/anujd89/13977186183,https://creativecommons.org/licenses/by/2.0/,anujd89,https://www.flickr.com/people/anujd89/,IMG_2600
no_person,34,460475ca9d34e13e,images/no_person/no_person_034_460475ca9d34e13e.jpg,0,0,portrait,mid,0.5872,0.3278,0.0000,none,683,1024,0.0000,https://open-images-dataset.s3.amazonaws.com/validation/460475ca9d34e13e.jpg,https://c7.staticflickr.com/8/7325/9110815638_051c3e63bc_o.jpg,https://www.flickr.com/photos/ayoltderoos/9110815638,https://creativecommons.org/licenses/by/2.0/,Ayolt de Roos,https://www.flickr.com/people/ayoltderoos/,Due Espressi
no_person,35,47d51254f7b75129,images/no_person/no_person_035_47d51254f7b75129.jpg,0,0,landscape,dark,0.1823,0.2455,0.2443,none,1024,685,0.0000,https://open-images-dataset.s3.amazonaws.com/validation/47d51254f7b75129.jpg,https://c2.staticflickr.com/5/4032/4214743968_a9133025be_o.jpg,https://www.flickr.com/photos/baileysjunk/4214743968,https://creativecommons.org/licenses/by/2.0/,Bailey Weaver,https://www.flickr.com/people/baileysjunk/,Nettles
no_person,36,48569f07b72a5998,images/no_person/no_person_036_48569f07b72a5998.jpg,0,0,landscape,dark,0.2375,0.2877,0.1113,none,1024,768,0.0000,https://open-images-dataset.s3.amazonaws.com/validation/48569f07b72a5998.jpg,https://c1.staticflickr.com/1/113/300955331_5b375b236f_o.jpg,https://www.flickr.com/photos/tigr/300955331,https://creativecommons.org/licenses/by/2.0/,Martin Talbot,https://www.flickr.com/people/tigr/,PB190013
no_person,37,4a31deb069c476b6,images/no_person/no_person_037_4a31deb069c476b6.jpg,0,0,landscape,mid,0.5535,0.1550,0.1252,none,1024,683,0.0000,https://open-images-dataset.s3.amazonaws.com/validation/4a31deb069c476b6.jpg,https://farm7.staticflickr.com/4054/5143470791_fbed05e015_o.jpg,https://www.flickr.com/photos/shauser/5143470791,https://creativecommons.org/licenses/by/2.0/,Shannon Hauser,https://www.flickr.com/people/shauser/,AdamsScrapbook 029
no_person,38,4b7ca572ce0a7af7,images/no_person/no_person_038_4b7ca572ce0a7af7.jpg,0,0,landscape,mid,0.6274,0.3185,0.2103,none,1024,683,0.0000,https://open-images-dataset.s3.amazonaws.com/validation/4b7ca572ce0a7af7.jpg,https://farm8.staticflickr.com/3744/10042768915_4451dbdef4_o.jpg,https://www.flickr.com/photos/milesmilo/10042768915,https://creativecommons.org/licenses/by/2.0/,milo bostock,https://www.flickr.com/people/milesmilo/,RUPERT
no_person,39,4bea42f132166bfb,images/no_person/no_person_039_4bea42f132166bfb.jpg,0,0,landscape,dark,0.2842,0.1833,0.0866,none,1024,661,0.0000,https://open-images-dataset.s3.amazonaws.com/validation/4bea42f132166bfb.jpg,https://c4.staticflickr.com/6/5215/5437131547_f863286e39_o.jpg,https://www.flickr.com/photos/docmonstereyes/5437131547,https://creativecommons.org/licenses/by/2.0/,docmonstereyes,https://www.flickr.com/people/docmonstereyes/,IMG_0530
no_person,40,4dcbea7a792e8d6c,images/no_person/no_person_040_4dcbea7a792e8d6c.jpg,0,0,landscape,mid,0.4450,0.2774,0.0875,none,1024,768,0.0000,https://open-images-dataset.s3.amazonaws.com/validation/4dcbea7a792e8d6c.jpg,https://c5.staticflickr.com/1/226/497768627_e398f6038b_o.jpg,https://www.flickr.com/photos/lucagorlero/497768627,https://creativecommons.org/licenses/by/2.0/,Luca,https://www.flickr.com/people/lucagorlero/,DSCN0102
no_person,41,4ee0c8713d077958,images/no_person/no_person_041_4ee0c8713d077958.jpg,0,0,landscape,dark,0.2042,0.2119,0.0191,none,1024,683,0.0000,https://open-images-dataset.s3.amazonaws.com/validation/4ee0c8713d077958.jpg,https://c1.staticflickr.com/5/4027/4462806791_b6bff07528_o.jpg,https://www.flickr.com/photos/bitchbuzz/4462806791,https://creativecommons.org/licenses/by/2.0/,BitchBuzz,https://www.flickr.com/people/bitchbuzz/,Stage Microphone
no_person,42,4f0e98621eb327c0,images/no_person/no_person_042_4f0e98621eb327c0.jpg,0,0,landscape,mid,0.3503,0.2081,0.1946,none,1024,768,0.0000,https://open-images-dataset.s3.amazonaws.com/validation/4f0e98621eb327c0.jpg,https://farm1.staticflickr.com/3404/3406721999_0519a32af0_o.jpg,https://www.flickr.com/photos/jocke66/3406721999,https://creativecommons.org/licenses/by/2.0/,Joakim Jardenberg,https://www.flickr.com/people/jocke66/,Södra Brunnsvägen 60
no_person,45,521203c117a891c3,images/no_person/no_person_045_521203c117a891c3.jpg,0,0,landscape,mid,0.4877,0.1437,0.0353,none,1024,768,0.0000,https://open-images-dataset.s3.amazonaws.com/validation/521203c117a891c3.jpg,https://farm4.staticflickr.com/7619/16626372427_394b1ef9a3_o.jpg,https://www.flickr.com/photos/eamoncurry/16626372427,https://creativecommons.org/licenses/by/2.0/,Eamon Curry,https://www.flickr.com/people/eamoncurry/,"Black Sheep, Dale (Dale Abbey), Derbyshire"
no_person,46,55b7a4a581331b4b,images/no_person/no_person_046_55b7a4a581331b4b.jpg,0,0,portrait,dark,0.1463,0.1875,0.3717,none,768,1024,0.0000,https://open-images-dataset.s3.amazonaws.com/validation/55b7a4a581331b4b.jpg,https://c4.staticflickr.com/8/7114/7654748238_88517c91e1_o.jpg,https://www.flickr.com/photos/kristinnador/7654748238,https://creativecommons.org/licenses/by/2.0/,Kristin Nador,https://www.flickr.com/people/kristinnador/,Yield Sign
no_person,47,55e8610683109e01,images/no_person/no_person_047_55e8610683109e01.jpg,0,0,landscape,mid,0.6152,0.2161,0.4593,none,1024,683,0.0000,https://open-images-dataset.s3.amazonaws.com/validation/55e8610683109e01.jpg,https://farm2.staticflickr.com/2939/14765998791_c9c3d52065_o.jpg,https://www.flickr.com/photos/stickergiant/14765998791,https://creativecommons.org/licenses/by/2.0/,John Fischer,https://www.flickr.com/people/stickergiant/,Bees on Honeycells Stickers
no_person,48,579d93695e2e5a08,images/no_person/no_person_048_579d93695e2e5a08.jpg,0,0,squareish,mid,0.4073,0.2258,0.1432,none,1024,1024,0.0000,https://open-images-dataset.s3.amazonaws.com/validation/579d93695e2e5a08.jpg,https://c1.staticflickr.com/8/7388/9984664393_09bab1e6b2_o.jpg,https://www.flickr.com/photos/epredator/9984664393,https://creativecommons.org/licenses/by/2.0/,Ian Hughes,https://www.flickr.com/people/epredator/,Thai green curry with extra green (pal choi and samphire)
no_person,49,58edc439809229e6,images/no_person/no_person_049_58edc439809229e6.jpg,0,0,landscape,mid,0.4502,0.2928,0.2638,none,1024,655,0.0000,https://open-images-dataset.s3.amazonaws.com/validation/58edc439809229e6.jpg,https://farm7.staticflickr.com/5062/5575897984_967dc8d710_o.jpg,https://www.flickr.com/photos/7855449@N02/5575897984,https://creativecommons.org/licenses/by/2.0/,David Armano,https://www.flickr.com/people/7855449@N02/,Paris: Spring 2011
no_person,50,590f63eb87ae3901,images/no_person/no_person_050_590f63eb87ae3901.jpg,0,0,landscape,mid,0.5435,0.2490,0.1984,none,1024,576,0.0000,https://open-images-dataset.s3.amazonaws.com/validation/590f63eb87ae3901.jpg,https://farm2.staticflickr.com/3100/3619639851_f729f5c048_o.jpg,https://www.flickr.com/photos/bonnerlibrary/3619639851,https://creativecommons.org/licenses/by/2.0/,Bonner Springs Library,https://www.flickr.com/people/bonnerlibrary/,Circulation desk
no_person,51,5a7a4fb4a4c76489,images/no_person/no_person_051_5a7a4fb4a4c76489.jpg,0,0,landscape,dark,0.2073,0.0887,0.1434,none,1024,606,0.0000,https://open-images-dataset.s3.amazonaws.com/validation/5a7a4fb4a4c76489.jpg,https://c2.staticflickr.com/5/4074/4931117327_834d6af7d8_o.jpg,https://www.flickr.com/photos/timquijano/4931117327,https://creativecommons.org/licenses/by/2.0/,timquijano,https://www.flickr.com/people/timquijano/,Door Knocker
no_person,52,5a8adf95af26be40,images/no_person/no_person_052_5a8adf95af26be40.jpg,0,0,landscape,mid,0.5120,0.2376,0.0748,none,1024,857,0.0000,https://open-images-dataset.s3.amazonaws.com/validation/5a8adf95af26be40.jpg,https://farm1.staticflickr.com/43/88683963_c0f67c7ccc_o.jpg,https://www.flickr.com/photos/mathewingram/88683963,https://creativecommons.org/licenses/by/2.0/,Mathew Ingram,https://www.flickr.com/people/mathewingram/,Mandy by the dock
no_person,53,5daf202b1c1d4f8c,images/no_person/no_person_053_5daf202b1c1d4f8c.jpg,0,0,landscape,bright,0.8178,0.2268,0.3141,none,1024,831,0.0000,https://open-images-dataset.s3.amazonaws.com/validation/5daf202b1c1d4f8c.jpg,https://c5.staticflickr.com/4/3404/3476827215_5c90a4396d_o.jpg,https://www.flickr.com/photos/nakrnsm/3476827215,https://creativecommons.org/licenses/by/2.0/,Patrick Feller,https://www.flickr.com/people/nakrnsm/,"Red Wasp, backyard, Humble, Texas 0425091453"
no_person,54,5de32ec0ecf824d1,images/no_person/no_person_054_5de32ec0ecf824d1.jpg,0,0,squareish,dark,0.3491,0.1738,0.1036,none,1024,1024,0.0000,https://open-images-dataset.s3.amazonaws.com/validation/5de32ec0ecf824d1.jpg,https://farm2.staticflickr.com/95/226751058_7f3e1b1d43_o.jpg,https://www.flickr.com/photos/lizadaly/226751058,https://creativecommons.org/licenses/by/2.0/,Liza,https://www.flickr.com/people/lizadaly/,Not a greyhound
no_person,55,5e0c148385ccd46a,images/no_person/no_person_055_5e0c148385ccd46a.jpg,0,0,landscape,mid,0.4860,0.1792,0.2443,none,1024,768,0.0000,https://open-images-dataset.s3.amazonaws.com/validation/5e0c148385ccd46a.jpg,https://c3.staticflickr.com/8/7688/16460407943_2eff449f6e_o.jpg,https://www.flickr.com/photos/annola/16460407943,https://creativecommons.org/licenses/by/2.0/,# annola,https://www.flickr.com/people/annola/,Homemade pizza
no_person,56,62056ed02adaeafb,images/no_person/no_person_056_62056ed02adaeafb.jpg,0,0,squareish,mid,0.4792,0.1770,0.1413,none,1024,1024,0.0000,https://open-images-dataset.s3.amazonaws.com/validation/62056ed02adaeafb.jpg,https://c4.staticflickr.com/1/390/20032241661_4d36ffa8d0_o.jpg,https://www.flickr.com/photos/mrsdkrebs/20032241661,https://creativecommons.org/licenses/by/2.0/,Denise Krebs,https://www.flickr.com/people/mrsdkrebs/,On the right. Trying to remember to tighten all these wires to the right. #cy365 #jjaproject
no_person,57,63321f1973f5cce9,images/no_person/no_person_057_63321f1973f5cce9.jpg,0,0,landscape,dark,0.3273,0.2067,0.0507,none,1024,768,0.0000,https://open-images-dataset.s3.amazonaws.com/validation/63321f1973f5cce9.jpg,https://c2.staticflickr.com/3/2298/2003903390_cf276f7fe7_o.jpg,https://www.flickr.com/photos/lifeofpei/2003903390,https://creativecommons.org/licenses/by/2.0/,gniliep,https://www.flickr.com/people/lifeofpei/,London
no_person,58,635118718652f9f5,images/no_person/no_person_058_635118718652f9f5.jpg,0,0,landscape,dark,0.2203,0.2206,0.3056,none,1024,768,0.0000,https://open-images-dataset.s3.amazonaws.com/validation/635118718652f9f5.jpg,https://farm6.staticflickr.com/3235/2602146188_20ab7566b8_o.jpg,https://www.flickr.com/photos/cusegoyle/2602146188,https://creativecommons.org/licenses/by/2.0/,Michael Napoleon,https://www.flickr.com/people/cusegoyle/,Chicken and Shrimp Kabobs
no_person,59,63a3246b8a551a29,images/no_person/no_person_059_63a3246b8a551a29.jpg,0,0,squareish,dark,0.3316,0.2167,0.3015,none,1024,1024,0.0000,https://open-images-dataset.s3.amazonaws.com/validation/63a3246b8a551a29.jpg,https://c2.staticflickr.com/8/7120/7571049276_18e20026ef_o.jpg,https://www.flickr.com/photos/samualpedrete/7571049276,https://creativecommons.org/licenses/by/2.0/,Samu,https://www.flickr.com/people/samualpedrete/,Teo one more time
no_person,60,65a44eb8080f41f3,images/no_person/no_person_060_65a44eb8080f41f3.jpg,0,0,portrait,mid,0.4631,0.1824,0.2001,none,576,1024,0.0000,https://open-images-dataset.s3.amazonaws.com/validation/65a44eb8080f41f3.jpg,https://farm4.staticflickr.com/8697/17067272040_167203bd13_o.jpg,https://www.flickr.com/photos/44603071@N00/17067272040,https://creativecommons.org/licenses/by/2.0/,Kathy,https://www.flickr.com/people/44603071@N00/,"Street corner telephone booths - Bangkok, Thailand"
no_person,61,660a0d63e495c707,images/no_person/no_person_061_660a0d63e495c707.jpg,0,0,portrait,mid,0.5547,0.2643,0.1588,none,765,1024,0.0000,https://open-images-dataset.s3.amazonaws.com/validation/660a0d63e495c707.jpg,https://farm8.staticflickr.com/7203/6879178303_6cdd516bae_o.jpg,https://www.flickr.com/photos/happyskrappy/6879178303,https://creativecommons.org/licenses/by/2.0/,jenn,https://www.flickr.com/people/happyskrappy/,Threading a Loom
no_person,64,699a335dd521a50f,images/no_person/no_person_064_699a335dd521a50f.jpg,0,0,landscape,mid,0.3830,0.1698,0.3856,none,1024,768,0.0000,https://open-images-dataset.s3.amazonaws.com/validation/699a335dd521a50f.jpg,https://c8.staticflickr.com/2/1070/5106471605_e86cfcd2dd_o.jpg,https://www.flickr.com/photos/au_tiger01/5106471605,https://creativecommons.org/licenses/by/2.0/,au_tiger01,https://www.flickr.com/people/au_tiger01/,1016100826a_492573.jpg
no_person,65,6ab332cb6fcefc92,images/no_person/no_person_065_6ab332cb6fcefc92.jpg,0,0,landscape,mid,0.5496,0.0953,0.0587,none,1024,768,0.0000,https://open-images-dataset.s3.amazonaws.com/validation/6ab332cb6fcefc92.jpg,https://farm3.staticflickr.com/8016/7653003462_42d645ae23_o.jpg,https://www.flickr.com/photos/squirrel02/7653003462,https://creativecommons.org/licenses/by/2.0/,squirrel83,https://www.flickr.com/people/squirrel02/,Kalitta Air 747-2F @ JFK
no_person,66,6b4385b45018291a,images/no_person/no_person_066_6b4385b45018291a.jpg,0,0,landscape,mid,0.4814,0.2005,0.0000,none,1024,683,0.0000,https://open-images-dataset.s3.amazonaws.com/validation/6b4385b45018291a.jpg,https://c3.staticflickr.com/5/4128/5199355084_f9b2c60749_o.jpg,https://www.flickr.com/photos/maxiub/5199355084,https://creativecommons.org/licenses/by/2.0/,MaxiuB,https://www.flickr.com/people/maxiub/,Music
no_person,67,6d9338d7cd5c2343,images/no_person/no_person_067_6d9338d7cd5c2343.jpg,0,0,landscape,dark,0.2363,0.2204,0.0402,none,1024,768,0.0000,https://open-images-dataset.s3.amazonaws.com/validation/6d9338d7cd5c2343.jpg,https://farm4.staticflickr.com/5180/5581403952_b70274ed9d_o.jpg,https://www.flickr.com/photos/popculturegeek/5581403952,https://creativecommons.org/licenses/by/2.0/,The Conmunity -  Pop Culture Geek,https://www.flickr.com/people/popculturegeek/,WonderCon 2011 - Join S.H.I.E.L.D. sign
no_person,68,6f0ec741b2b80479,images/no_person/no_person_068_6f0ec741b2b80479.jpg,0,0,squareish,mid,0.4110,0.3515,0.2289,none,1024,1024,0.0000,https://open-images-dataset.s3.amazonaws.com/validation/6f0ec741b2b80479.jpg,https://c2.staticflickr.com/9/8073/8326524383_8114713bfb_o.jpg,https://www.flickr.com/photos/epaul_07/8326524383,https://creativecommons.org/licenses/by/2.0/,Paul-in-London,https://www.flickr.com/people/epaul_07/,Cannocini
no_person,69,70317bda96f2b16a,images/no_person/no_person_069_70317bda96f2b16a.jpg,0,0,landscape,mid,0.5529,0.1492,0.1812,none,1024,683,0.0000,https://open-images-dataset.s3.amazonaws.com/validation/70317bda96f2b16a.jpg,https://c3.staticflickr.com/8/7256/7566951332_9ecc318c62_o.jpg,https://www.flickr.com/photos/41279068@N08/7566951332,https://creativecommons.org/licenses/by/2.0/,Adrian ...,https://www.flickr.com/people/41279068@N08/,359B8993
no_person,70,708c10773d7e987c,images/no_person/no_person_070_708c10773d7e987c.jpg,0,0,landscape,mid,0.6192,0.1654,0.0712,none,1024,682,0.0000,https://open-images-dataset.s3.amazonaws.com/validation/708c10773d7e987c.jpg,https://c5.staticflickr.com/3/2476/5801378971_66aff57f76_o.jpg,https://www.flickr.com/photos/jseita/5801378971,https://creativecommons.org/licenses/by/2.0/,Jun Seita,https://www.flickr.com/people/jseita/,American Airlines N951AA Boeing 737-823(WL) Astrojet Lively Go Around
no_person,71,72fa21aaffb7212b,images/no_person/no_person_071_72fa21aaffb7212b.jpg,0,0,landscape,mid,0.5070,0.2655,0.1357,none,1024,681,0.0000,https://open-images-dataset.s3.amazonaws.com/validation/72fa21aaffb7212b.jpg,https://c4.staticflickr.com/3/2293/2335726330_d35c8176c3_o.jpg,https://www.flickr.com/photos/hengist/2335726330/,https://creativecommons.org/licenses/by/2.0/,Hengist Decius,https://www.flickr.com/people/hengist/,DSC_5129
no_person,72,73ab884e9e13a8e5,images/no_person/no_person_072_73ab884e9e13a8e5.jpg,0,0,portrait,dark,0.3382,0.1645,0.5072,none,769,1024,0.0000,https://open-images-dataset.s3.amazonaws.com/validation/73ab884e9e13a8e5.jpg,https://farm6.staticflickr.com/3479/3973546977_b9c6f9861b_o.jpg,https://www.flickr.com/photos/vasnic64/3973546977,https://creativecommons.org/licenses/by/2.0/,"vasse nicolas,antoine",https://www.flickr.com/people/vasnic64/,1822 French trooper's sword for Heavy cavalry called &quot;bancal&quot;
no_person,74,760d09fc07584d2d,images/no_person/no_person_074_760d09fc07584d2d.jpg,0,0,landscape,bright,0.7818,0.1602,0.0173,none,1024,685,0.0000,https://open-images-dataset.s3.amazonaws.com/validation/760d09fc07584d2d.jpg,https://c6.staticflickr.com/5/4134/4815601571_5f003de907_o.jpg,https://www.flickr.com/photos/peck792/4815601571/,https://creativecommons.org/licenses/by/2.0/,Nathan150,https://www.flickr.com/people/peck792/,Chinook CH-47
no_person,76,7eabbe69aa5b2e0e,images/no_person/no_person_076_7eabbe69aa5b2e0e.jpg,0,0,landscape,mid,0.5973,0.3299,0.2418,none,1024,768,0.0000,https://open-images-dataset.s3.amazonaws.com/validation/7eabbe69aa5b2e0e.jpg,https://c7.staticflickr.com/7/6128/5924772007_2c00748368_o.jpg,https://www.flickr.com/photos/y_ogagaga/5924772007,https://creativecommons.org/licenses/by/2.0/,y_ogagaga,https://www.flickr.com/people/y_ogagaga/,エッシャーのホタテとブロッコリーのカリー
no_person,77,7f6d7029b1d7027a,images/no_person/no_person_077_7f6d7029b1d7027a.jpg,0,0,landscape,mid,0.4397,0.0987,0.0441,none,1024,768,0.0000,https://open-images-dataset.s3.amazonaws.com/validation/7f6d7029b1d7027a.jpg,https://c3.staticflickr.com/4/3817/11469070396_d797a3fce4_o.jpg,https://www.flickr.com/photos/projectdiscovery/11469070396,https://creativecommons.org/licenses/by/2.0/,Laurie Sullivan,https://www.flickr.com/people/projectdiscovery/,DSC06629
no_person,78,828da354cdfb382f,images/no_person/no_person_078_828da354cdfb382f.jpg,0,0,portrait,mid,0.3775,0.2401,0.1838,none,683,1024,0.0000,https://open-images-dataset.s3.amazonaws.com/validation/828da354cdfb382f.jpg,https://c8.staticflickr.com/3/2626/4237307134_1a94733303_o.jpg,https://www.flickr.com/photos/fringley/4237307134,https://creativecommons.org/licenses/by/2.0/,fringley,https://www.flickr.com/people/fringley/,Poached eggs for lunch
no_person,79,82d2be1ae412a923,images/no_person/no_person_079_82d2be1ae412a923.jpg,0,0,landscape,mid,0.5983,0.2987,0.2536,none,1024,682,0.0000,https://open-images-dataset.s3.amazonaws.com/validation/82d2be1ae412a923.jpg,https://farm4.staticflickr.com/2485/4229535415_6289bf3d57_o.jpg,https://www.flickr.com/photos/chimothy27/4229535415,https://creativecommons.org/licenses/by/2.0/,Mark Evans,https://www.flickr.com/people/chimothy27/,Snow Train 02
no_person,81,85c24b2aee69131c,images/no_person/no_person_081_85c24b2aee69131c.jpg,0,0,landscape,mid,0.6228,0.1530,0.2826,none,1024,683,0.0000,https://open-images-dataset.s3.amazonaws.com/validation/85c24b2aee69131c.jpg,https://c5.staticflickr.com/4/3837/14634202280_4cb4ebab8c_o.jpg,https://www.flickr.com/photos/8269539@N04/14634202280,https://creativecommons.org/licenses/by/2.0/,Paul Lucas,https://www.flickr.com/people/8269539@N04/,Four Lockheed Tristars await their fate.
no_person,83,869197f411ca73c3,images/no_person/no_person_083_869197f411ca73c3.jpg,0,0,portrait,dark,0.2652,0.1693,0.3187,none,682,1024,0.0000,https://open-images-dataset.s3.amazonaws.com/validation/869197f411ca73c3.jpg,https://farm4.staticflickr.com/7699/16939897947_a924904def_o.jpg,https://www.flickr.com/photos/dabdesign/16939897947,https://creativecommons.org/licenses/by/2.0/,Dave,https://www.flickr.com/people/dabdesign/,Flame the Dog
no_person,84,86c4d94c349bac49,images/no_person/no_person_084_86c4d94c349bac49.jpg,0,0,landscape,dark,0.3133,0.2812,0.2562,none,1024,678,0.0000,https://open-images-dataset.s3.amazonaws.com/validation/86c4d94c349bac49.jpg,https://c2.staticflickr.com/9/8074/8341641155_8ac023e877_o.jpg,https://www.flickr.com/photos/slgc/8341641155,https://creativecommons.org/licenses/by/2.0/,slgckgc,https://www.flickr.com/people/slgc/,Ready to Run
no_person,86,874d30df433ed39f,images/no_person/no_person_086_874d30df433ed39f.jpg,0,0,portrait,mid,0.6240,0.1341,0.1119,none,683,1024,0.0000,https://open-images-dataset.s3.amazonaws.com/validation/874d30df433ed39f.jpg,https://c8.staticflickr.com/3/2862/8958839050_503f280470_o.jpg,https://www.flickr.com/photos/dlr_de/8958839050,https://creativecommons.org/licenses/by/2.0/,DLR German Aerospace Center,https://www.flickr.com/people/dlr_de/,Raumfrachter ATV-4 &quot;Albert Einstein&quot; Ariane 5ES Rollout_5
no_person,87,879f31478ec27cdb,images/no_person/no_person_087_879f31478ec27cdb.jpg,0,0,squareish,bright,0.9791,0.1223,0.0000,none,1024,1012,0.0000,https://open-images-dataset.s3.amazonaws.com/validation/879f31478ec27cdb.jpg,https://c4.staticflickr.com/8/7325/9285276172_73229518a1_o.jpg,https://www.flickr.com/photos/83280654@N07/9285276172,https://creativecommons.org/licenses/by/2.0/,Goomzilla,https://www.flickr.com/people/83280654@N07/,star
no_person,88,87e34356132daf30,images/no_person/no_person_088_87e34356132daf30.jpg,0,0,landscape,bright,0.7267,0.2005,0.2143,none,1024,679,0.0000,https://open-images-dataset.s3.amazonaws.com/validation/87e34356132daf30.jpg,https://farm1.staticflickr.com/1390/777638995_1ec1873c58_o.jpg,https://www.flickr.com/photos/chokingsun/777638995,https://creativecommons.org/licenses/by/2.0/,choking sun,https://www.flickr.com/people/chokingsun/,r3_008_08
no_person,89,87f4252180bcecc5,images/no_person/no_person_089_87f4252180bcecc5.jpg,0,0,landscape,mid,0.4130,0.1806,0.1281,none,1024,683,0.0000,https://open-images-dataset.s3.amazonaws.com/validation/87f4252180bcecc5.jpg,https://farm6.staticflickr.com/8603/15675847645_77a7c7085d_o.jpg,https://www.flickr.com/photos/mariposavet/15675847645,https://creativecommons.org/licenses/by/2.0/,"Mariposa Veterinary Wellness Center in Lenexa, KS",https://www.flickr.com/people/mariposavet/,"This cat has a unilateral swelling of its nose. Unfortunately, biopsy (including special stains) were inconclusive."
no_person,90,87f74eb3590027f7,images/no_person/no_person_090_87f74eb3590027f7.jpg,0,0,squareish,mid,0.5184,0.2163,0.2576,none,1024,1024,0.0000,https://open-images-dataset.s3.amazonaws.com/validation/87f74eb3590027f7.jpg,https://farm8.staticflickr.com/2901/14810343774_558cffae42_o.jpg,https://www.flickr.com/photos/lizasperling/14810343774,https://creativecommons.org/licenses/by/2.0/,lizasperling,https://www.flickr.com/people/lizasperling/,"Why, yes, a tomato tart makes a lovely lunch #nofilter"
no_person,91,8a203710e5e4399c,images/no_person/no_person_091_8a203710e5e4399c.jpg,0,0,landscape,mid,0.5079,0.3153,0.2525,none,1024,768,0.0000,https://open-images-dataset.s3.amazonaws.com/validation/8a203710e5e4399c.jpg,https://c5.staticflickr.com/4/3020/2416905063_b9b16947a1_o.jpg,https://www.flickr.com/photos/collinanderson/2416905063,https://creativecommons.org/licenses/by/2.0/,Collin Anderson,https://www.flickr.com/people/collinanderson/,Taco Tuesday! (all of the chips are on the bottom)
no_person,92,8bd2f57728700fd6,images/no_person/no_person_092_8bd2f57728700fd6.jpg,0,0,landscape,mid,0.3854,0.2291,0.3272,none,1024,643,0.0000,https://open-images-dataset.s3.amazonaws.com/validation/8bd2f57728700fd6.jpg,https://farm7.staticflickr.com/1037/864688846_65dab5dcdb_o.jpg,https://www.flickr.com/photos/grilledahi/864688846,https://creativecommons.org/licenses/by/2.0/,y kawahara,https://www.flickr.com/people/grilledahi/,"Unagi, eel teriyaki"
no_person,93,8c430d2eb65bd58c,images/no_person/no_person_093_8c430d2eb65bd58c.jpg,0,0,landscape,mid,0.5030,0.3565,0.3160,none,1024,683,0.0000,https://open-images-dataset.s3.amazonaws.com/validation/8c430d2eb65bd58c.jpg,https://c5.staticflickr.com/6/5581/14613969940_7199168441_o.jpg,https://www.flickr.com/photos/jackiom/14613969940,https://creativecommons.org/licenses/by/2.0/,Jack_IOM,https://www.flickr.com/people/jackiom/,Jurby Transport Museum (5)
no_person,94,8cda00f3b8e77296,images/no_person/no_person_094_8cda00f3b8e77296.jpg,0,0,landscape,mid,0.5953,0.2192,0.2044,none,1024,768,0.0000,https://open-images-dataset.s3.amazonaws.com/validation/8cda00f3b8e77296.jpg,https://farm7.staticflickr.com/4086/5062469779_357694c884_o.jpg,https://www.flickr.com/photos/willfolsom/5062469779,https://creativecommons.org/licenses/by/2.0/,Will Folsom,https://www.flickr.com/people/willfolsom/,Woodruff Arts Center
no_person,95,8e43b7eaf13339a2,images/no_person/no_person_095_8e43b7eaf13339a2.jpg,0,0,landscape,mid,0.3996,0.1227,0.1073,none,1024,684,0.0000,https://open-images-dataset.s3.amazonaws.com/validation/8e43b7eaf13339a2.jpg,https://farm3.staticflickr.com/7454/10772978384_5d4e001cf6_o.jpg,https://www.flickr.com/photos/takot/10772978384,https://creativecommons.org/licenses/by/2.0/,Takashi Ota,https://www.flickr.com/people/takot/,IMGP3920 1
no_person,96,9139ea410d42f6ca,images/no_person/no_person_096_9139ea410d42f6ca.jpg,0,0,landscape,mid,0.3872,0.2338,0.1335,none,1024,426,0.0000,https://open-images-dataset.s3.amazonaws.com/validation/9139ea410d42f6ca.jpg,https://c3.staticflickr.com/2/1215/1026686709_8c00a1d309_o.jpg,https://www.flickr.com/photos/conner395/1026686709,https://creativecommons.org/licenses/by/2.0/,Dave Conner,https://www.flickr.com/people/conner395/,M023 Mitsubishi Lancer Evo - Northern Constabulary (code3)
no_person,98,96b0c9109e89c90a,images/no_person/no_person_098_96b0c9109e89c90a.jpg,0,0,landscape,mid,0.3810,0.2091,0.4017,none,1024,576,0.0000,https://open-images-dataset.s3.amazonaws.com/validation/96b0c9109e89c90a.jpg,https://c3.staticflickr.com/8/7337/12721989795_a1aaf4abec_o.jpg,https://www.flickr.com/photos/vuhung/12721989795,https://creativecommons.org/licenses/by/2.0/,Nguyen Hung Vu,https://www.flickr.com/people/vuhung/,p p @ tini world 2014/02/23
no_person,99,97a73a0bb5d24ed8,images/no_person/no_person_099_97a73a0bb5d24ed8.jpg,0,0,landscape,mid,0.5299,0.2628,0.0638,none,1024,768,0.0000,https://open-images-dataset.s3.amazonaws.com/validation/97a73a0bb5d24ed8.jpg,https://c1.staticflickr.com/3/2539/3838342976_26a4f80a1d_o.jpg,https://www.flickr.com/photos/armydre2008/3838342976,https://creativecommons.org/licenses/by/2.0/,frankieleon,https://www.flickr.com/people/armydre2008/,Un rendez-vous galant
no_person,100,996c3ef8b49bd642,images/no_person/no_person_100_996c3ef8b49bd642.jpg,0,0,landscape,mid,0.4799,0.3054,0.0192,none,1024,684,0.0000,https://open-images-dataset.s3.amazonaws.com/validation/996c3ef8b49bd642.jpg,https://farm3.staticflickr.com/3898/15035064368_ccd632c912_o.jpg,https://www.flickr.com/photos/57634952@N00/15035064368,https://creativecommons.org/licenses/by/2.0/,Khairil Yusof,https://www.flickr.com/people/57634952@N00/,Chrome Barrage Spring Loaded Steel compression straps
no_person,102,9ca0fe8c92ca8a72,images/no_person/no_person_102_9ca0fe8c92ca8a72.jpg,0,0,landscape,mid,0.4846,0.2122,0.3712,none,1024,768,0.0000,https://open-images-dataset.s3.amazonaws.com/validation/9ca0fe8c92ca8a72.jpg,https://farm3.staticflickr.com/8231/8535974104_3d0a79b69d_o.jpg,https://www.flickr.com/photos/leeco/8535974104,https://creativecommons.org/licenses/by/2.0/,Lee Coursey,https://www.flickr.com/people/leeco/,Birds at The Store
no_person,103,9cb86acbc3b5617e,images/no_person/no_person_103_9cb86acbc3b5617e.jpg,0,0,landscape,mid,0.5469,0.2611,0.2759,none,1024,768,0.0000,https://open-images-dataset.s3.amazonaws.com/validation/9cb86acbc3b5617e.jpg,https://c7.staticflickr.com/6/5510/14550102443_4d13270206_o.jpg,https://www.flickr.com/photos/mugland/14550102443,https://creativecommons.org/licenses/by/2.0/,Aaron Headly,https://www.flickr.com/people/mugland/,Empanadas (made with combined restaurant leftovers).
no_person,104,9d00675a40dead6a,images/no_person/no_person_104_9d00675a40dead6a.jpg,0,0,landscape,mid,0.6438,0.2322,0.2620,none,1024,683,0.0000,https://open-images-dataset.s3.amazonaws.com/validation/9d00675a40dead6a.jpg,https://c3.staticflickr.com/6/5184/5791612935_fec5817324_o.jpg,https://www.flickr.com/photos/rhysasplundh/5791612935,https://creativecommons.org/licenses/by/2.0/,Rhys A.,https://www.flickr.com/people/rhysasplundh/,Maddie - #2
no_person,106,9fd78dd2ab415f88,images/no_person/no_person_106_9fd78dd2ab415f88.jpg,0,0,landscape,mid,0.4950,0.1491,0.1767,none,1024,768,0.0000,https://open-images-dataset.s3.amazonaws.com/validation/9fd78dd2ab415f88.jpg,https://c1.staticflickr.com/4/3616/3364154012_cf0891c9e6_o.jpg,https://www.flickr.com/photos/sweetcakescandles/3364154012,https://creativecommons.org/licenses/by/2.0/,Candy&#x27;s Cake Candles,https://www.flickr.com/people/sweetcakescandles/,wedding cake cupcakes
no_person,107,a0cc417a3ba0e5ee,images/no_person/no_person_107_a0cc417a3ba0e5ee.jpg,0,0,landscape,mid,0.4090,0.2187,0.2670,none,1024,683,0.0000,https://open-images-dataset.s3.amazonaws.com/validation/a0cc417a3ba0e5ee.jpg,https://c7.staticflickr.com/4/3779/9182330038_737a15b78a_o.jpg,https://www.flickr.com/photos/danramarch/9182330038,https://creativecommons.org/licenses/by/2.0/,Daniel Ramirez,https://www.flickr.com/people/danramarch/,King Kamehameha Statue - Leis Closeup
no_person,108,a139c871707338b7,images/no_person/no_person_108_a139c871707338b7.jpg,0,0,portrait,mid,0.6231,0.2411,0.2001,none,737,1024,0.0000,https://open-images-dataset.s3.amazonaws.com/validation/a139c871707338b7.jpg,https://farm8.staticflickr.com/50/155562474_d76026c743_o.jpg,https://www.flickr.com/photos/shouldbecleaning/155562474,https://creativecommons.org/licenses/by/2.0/,Amy,https://www.flickr.com/people/shouldbecleaning/,Penny Lane
no_person,110,a61761fcc8bb9e7f,images/no_person/no_person_110_a61761fcc8bb9e7f.jpg,0,0,landscape,dark,0.3405,0.2248,0.1083,none,1024,765,0.0000,https://open-images-dataset.s3.amazonaws.com/validation/a61761fcc8bb9e7f.jpg,https://c8.staticflickr.com/4/3939/15441102719_a3edcb9abf_o.jpg,https://www.flickr.com/photos/39551170@N02/15441102719,https://creativecommons.org/licenses/by/2.0/,Simon_sees,https://www.flickr.com/people/39551170@N02/,Sound desk
no_person,111,a657bf7cc55ec5ef,images/no_person/no_person_111_a657bf7cc55ec5ef.jpg,0,0,landscape,mid,0.4985,0.2002,0.0792,none,1024,569,0.0000,https://open-images-dataset.s3.amazonaws.com/validation/a657bf7cc55ec5ef.jpg,https://c8.staticflickr.com/6/5310/5631045210_61b74d74e0_o.jpg,https://www.flickr.com/photos/55391407@N03/5631045210/,https://creativecommons.org/licenses/by/2.0/,M 93: „Dein Nordrhein-Westfalen“,https://www.flickr.com/people/55391407@N03/,"Cessna Citation CJ2+ (D-IWBL) – Frontansicht, 17. April 2011, Düsseldorf"
no_person,112,a78f410f8ac43e67,images/no_person/no_person_112_a78f410f8ac43e67.jpg,0,0,portrait,mid,0.5325,0.2029,0.0188,none,768,1024,0.0000,https://open-images-dataset.s3.amazonaws.com/validation/a78f410f8ac43e67.jpg,https://farm8.staticflickr.com/7030/6612189555_aee2c27d44_o.jpg,https://www.flickr.com/photos/zeevveez/6612189555,https://creativecommons.org/licenses/by/2.0/,zeevveez,https://www.flickr.com/people/zeevveez/,Decorate your Car -Scorpio
no_person,113,a86ada8fd21e5a01,images/no_person/no_person_113_a86ada8fd21e5a01.jpg,0,0,portrait,mid,0.4108,0.2486,0.0875,none,763,1024,0.0000,https://open-images-dataset.s3.amazonaws.com/validation/a86ada8fd21e5a01.jpg,https://farm2.staticflickr.com/2125/2176938970_ed70a6e804_o.jpg,https://www.flickr.com/photos/beigephotos/2176938970,https://creativecommons.org/licenses/by/2.0/,Michael Pereckas,https://www.flickr.com/people/beigephotos/,Helmet
no_person,114,a9eee119d043012f,images/no_person/no_person_114_a9eee119d043012f.jpg,0,0,portrait,mid,0.4545,0.2913,0.1640,none,819,1024,0.0000,https://open-images-dataset.s3.amazonaws.com/validation/a9eee119d043012f.jpg,https://c8.staticflickr.com/8/7251/6942070690_6c94fb6337_o.jpg,https://www.flickr.com/photos/desrosiersphotoimagery/6942070690,https://creativecommons.org/licenses/by/2.0/,Brian Desrosiers Photography,https://www.flickr.com/people/desrosiersphotoimagery/,Shelty
no_person,115,aaf216849638c15d,images/no_person/no_person_115_aaf216849638c15d.jpg,0,0,landscape,mid,0.5503,0.2267,0.2638,none,1024,683,0.0000,https://open-images-dataset.s3.amazonaws.com/validation/aaf216849638c15d.jpg,https://c6.staticflickr.com/4/3781/18817272206_6c808fd5dc_o.jpg,https://www.flickr.com/photos/bigtored/18817272206,https://creativecommons.org/licenses/by/2.0/,Phil Parker,https://www.flickr.com/people/bigtored/,Soccer Balls
no_person,116,ae57414bfd981334,images/no_person/no_person_116_ae57414bfd981334.jpg,0,0,landscape,mid,0.5255,0.0840,0.1334,none,1024,532,0.0000,https://open-images-dataset.s3.amazonaws.com/validation/ae57414bfd981334.jpg,https://farm5.staticflickr.com/513/19601403513_79ec17d2af_o.jpg,https://www.flickr.com/photos/archangel12/19601403513,https://creativecommons.org/licenses/by/2.0/,Archangel12,https://www.flickr.com/people/archangel12/,Best of British Evening Airshow at The Shuttleworth Collection 18-07-15
no_person,117,b109dce31a62c877,images/no_person/no_person_117_b109dce31a62c877.jpg,0,0,landscape,mid,0.4630,0.2322,0.2333,none,1024,769,0.0000,https://open-images-dataset.s3.amazonaws.com/validation/b109dce31a62c877.jpg,https://farm8.staticflickr.com/3633/3539983111_7dae28f8d9_o.jpg,https://www.flickr.com/photos/26396944@N02/3539983111,https://creativecommons.org/licenses/by/2.0/,SavvyChristine,https://www.flickr.com/people/26396944@N02/,Brussel Sprouts
no_person,118,b7386f761415e534,images/no_person/no_person_118_b7386f761415e534.jpg,0,0,landscape,mid,0.3966,0.3307,0.2050,none,1024,854,0.0000,https://open-images-dataset.s3.amazonaws.com/validation/b7386f761415e534.jpg,https://farm5.staticflickr.com/6043/7029723277_1572432e7c_o.jpg,https://www.flickr.com/photos/degu_andre/7029723277,https://creativecommons.org/licenses/by/2.0/,André Gustavo Stumpf,https://www.flickr.com/people/degu_andre/,Blaser R93 Tactical
no_person,119,b77a95a07f96191a,images/no_person/no_person_119_b77a95a07f96191a.jpg,0,0,portrait,mid,0.4089,0.2850,0.1150,none,681,1024,0.0000,https://open-images-dataset.s3.amazonaws.com/validation/b77a95a07f96191a.jpg,https://c3.staticflickr.com/1/196/529133369_84b313e802_o.jpg,https://www.flickr.com/photos/copa41/529133369,https://creativecommons.org/licenses/by/2.0/,Melissa,https://www.flickr.com/people/copa41/,Vice grip
no_person,120,b7f0012a1532ef56,images/no_person/no_person_120_b7f0012a1532ef56.jpg,0,0,landscape,mid,0.6086,0.1050,0.1111,none,1024,744,0.0000,https://open-images-dataset.s3.amazonaws.com/validation/b7f0012a1532ef56.jpg,https://farm7.staticflickr.com/6156/6267107794_b218b6f89a_o.jpg,https://www.flickr.com/photos/dylanng/6267107794,https://creativecommons.org/licenses/by/2.0/,Dylan Ng,https://www.flickr.com/people/dylanng/,Ancient Music
no_person,121,be6ee2581a6c1dfb,images/no_person/no_person_121_be6ee2581a6c1dfb.jpg,0,0,landscape,mid,0.6096,0.2645,0.0494,none,1024,453,0.0000,https://open-images-dataset.s3.amazonaws.com/validation/be6ee2581a6c1dfb.jpg,https://c4.staticflickr.com/8/7663/17105155666_60675e9a92_o.jpg,https://www.flickr.com/photos/prayitnophotography/17105155666,https://creativecommons.org/licenses/by/2.0/,Prayitno / Thank you for (9 millions +) views,https://www.flickr.com/people/prayitnophotography/,N116UA ~ Boeing 747-422
no_person,122,c0257f3e8a28542f,images/no_person/no_person_122_c0257f3e8a28542f.jpg,0,0,squareish,mid,0.4100,0.1916,0.2446,none,1024,1024,0.0000,https://open-images-dataset.s3.amazonaws.com/validation/c0257f3e8a28542f.jpg,https://c8.staticflickr.com/4/3940/15528904850_927c77abdb_o.jpg,https://www.flickr.com/photos/sheilascarborough/15528904850,https://creativecommons.org/licenses/by/2.0/,Sheila Scarborough,https://www.flickr.com/people/sheilascarborough/,"If you want all dark meat, you'll get 4 legs. #TXDT2014"
no_person,123,c0ae3a5faf42a968,images/no_person/no_person_123_c0ae3a5faf42a968.jpg,0,0,portrait,dark,0.1959,0.2255,0.2074,none,612,1024,0.0000,https://open-images-dataset.s3.amazonaws.com/validation/c0ae3a5faf42a968.jpg,https://c1.staticflickr.com/8/7164/6748234159_51951fa438_o.jpg,https://www.flickr.com/photos/gordontarpley/6748234159,https://creativecommons.org/licenses/by/2.0/,Gordon Tarpley,https://www.flickr.com/people/gordontarpley/,IMAG2871
no_person,124,c172c3a15f8062f9,images/no_person/no_person_124_c172c3a15f8062f9.jpg,0,0,landscape,dark,0.3262,0.2446,0.1638,none,1024,678,0.0000,https://open-images-dataset.s3.amazonaws.com/validation/c172c3a15f8062f9.jpg,https://c2.staticflickr.com/4/3954/15526055660_d335153191_o.jpg,https://www.flickr.com/photos/cissmdu/15526055660,https://creativecommons.org/licenses/by/2.0/,明道大學資訊服務團,https://www.flickr.com/people/cissmdu/,DSC_3535
no_person,126,c6b6068adf8a299a,images/no_person/no_person_126_c6b6068adf8a299a.jpg,0,0,squareish,mid,0.5872,0.3411,0.4023,none,1024,944,0.0000,https://open-images-dataset.s3.amazonaws.com/validation/c6b6068adf8a299a.jpg,https://c3.staticflickr.com/4/3397/3540172446_f33ba28f44_o.jpg,https://www.flickr.com/photos/formatbrain_/3540172446,https://creativecommons.org/licenses/by/2.0/,formatbrain,https://www.flickr.com/people/formatbrain_/,Remeruli...
no_person,127,c7595e6515994355,images/no_person/no_person_127_c7595e6515994355.jpg,0,0,landscape,dark,0.3472,0.2120,0.4341,none,1024,768,0.0000,https://open-images-dataset.s3.amazonaws.com/validation/c7595e6515994355.jpg,https://farm6.staticflickr.com/1011/816168133_f3ec4ab45d_o.jpg,https://www.flickr.com/photos/hanataro/816168133,https://creativecommons.org/licenses/by/2.0/,Lonnie,https://www.flickr.com/people/hanataro/,Tofu Steak 03 - Saute
no_person,128,c7756e4ac4de5289,images/no_person/no_person_128_c7756e4ac4de5289.jpg,0,0,landscape,mid,0.5388,0.1706,0.2823,none,1024,685,0.0000,https://open-images-dataset.s3.amazonaws.com/validation/c7756e4ac4de5289.jpg,https://c2.staticflickr.com/4/3244/3052301653_5ba3c69e59_o.jpg,https://www.flickr.com/photos/27018633@N03/3052301653,https://creativecommons.org/licenses/by/2.0/,Crastino,https://www.flickr.com/people/27018633@N03/,Patatas de churreria
no_person,129,cd8ab636fd09959b,images/no_person/no_person_129_cd8ab636fd09959b.jpg,0,0,landscape,bright,0.8207,0.1814,0.0775,none,1024,768,0.0000,https://open-images-dataset.s3.amazonaws.com/validation/cd8ab636fd09959b.jpg,https://c4.staticflickr.com/4/3912/14953836620_879131d3d1_o.jpg,https://www.flickr.com/photos/cdpm/14953836620,https://creativecommons.org/licenses/by/2.0/,Charles D P Miller,https://www.flickr.com/people/cdpm/,Typhoon (inverted) at Bournemouth
no_person,130,ce2531fb4f8a82f9,images/no_person/no_person_130_ce2531fb4f8a82f9.jpg,0,0,landscape,bright,0.6627,0.2355,0.0637,none,1024,680,0.0000,https://open-images-dataset.s3.amazonaws.com/validation/ce2531fb4f8a82f9.jpg,https://c2.staticflickr.com/9/8183/8109389045_8c63e65467_o.jpg,https://www.flickr.com/photos/angryjuliemonday/8109389045,https://creativecommons.org/licenses/by/2.0/,AngryJulieMonday,https://www.flickr.com/people/angryjuliemonday/,LASO Search and Rescue Helicopter
no_person,131,ce9459ef17ab963c,images/no_person/no_person_131_ce9459ef17ab963c.jpg,0,0,landscape,dark,0.3177,0.2423,0.1118,none,1024,577,0.0000,https://open-images-dataset.s3.amazonaws.com/validation/ce9459ef17ab963c.jpg,https://c5.staticflickr.com/5/4087/4836947778_81bc7f4f58_o.jpg,https://www.flickr.com/photos/20209466@N06/4836947778,https://creativecommons.org/licenses/by/2.0/,Rob  Tossberg,https://www.flickr.com/people/20209466@N06/,Eco-friendly Plant-based Sticker Evergreen Sessions
no_person,132,ceceeeddd2b92e54,images/no_person/no_person_132_ceceeeddd2b92e54.jpg,0,0,portrait,mid,0.6079,0.1927,0.0891,none,768,1024,0.0000,https://open-images-dataset.s3.amazonaws.com/validation/ceceeeddd2b92e54.jpg,https://farm5.staticflickr.com/5225/5817784318_119c376c95_o.jpg,https://www.flickr.com/photos/ssblan/5817784318,https://creativecommons.org/licenses/by/2.0/,Regionbibliotek Stockholm,https://www.flickr.com/people/ssblan/,Skvallerspegel i Trosa
no_person,133,cf16322b6aeb41c5,images/no_person/no_person_133_cf16322b6aeb41c5.jpg,0,0,landscape,mid,0.4299,0.1708,0.2103,none,1024,680,0.0000,https://open-images-dataset.s3.amazonaws.com/validation/cf16322b6aeb41c5.jpg,https://farm6.staticflickr.com/8629/15777075880_0a98024832_o.jpg,https://www.flickr.com/photos/azchael/15777075880,https://creativecommons.org/licenses/by/2.0/,Azchael,https://www.flickr.com/people/azchael/,Portugese Food
no_person,134,d2e270714f830a69,images/no_person/no_person_134_d2e270714f830a69.jpg,0,0,landscape,dark,0.3105,0.1972,0.1461,none,1024,680,0.0000,https://open-images-dataset.s3.amazonaws.com/validation/d2e270714f830a69.jpg,https://c2.staticflickr.com/8/7121/6941153502_1bd2b57460_o.jpg,https://www.flickr.com/photos/hydlide/6941153502/,https://creativecommons.org/licenses/by/2.0/,hydlide,https://www.flickr.com/people/hydlide/,IMGP1122
no_person,135,d308738ab5e9c4c1,images/no_person/no_person_135_d308738ab5e9c4c1.jpg,0,0,landscape,mid,0.5297,0.2350,0.1703,none,1024,683,0.0000,https://open-images-dataset.s3.amazonaws.com/validation/d308738ab5e9c4c1.jpg,https://farm2.staticflickr.com/5441/9651202551_f443cb3cc1_o.jpg,https://www.flickr.com/photos/gordonplant/9651202551,https://creativecommons.org/licenses/by/2.0/,gordonplant,https://www.flickr.com/people/gordonplant/,"Shop in Talgarth, Wales"
no_person,136,d331bd280b385980,images/no_person/no_person_136_d331bd280b385980.jpg,0,0,landscape,mid,0.4679,0.2328,0.4824,none,1024,683,0.0000,https://open-images-dataset.s3.amazonaws.com/validation/d331bd280b385980.jpg,https://farm1.staticflickr.com/2476/3797642216_15aea16cfd_o.jpg,https://www.flickr.com/photos/rogerimp/3797642216,https://creativecommons.org/licenses/by/2.0/,Roger Braunstein,https://www.flickr.com/people/rogerimp/,Fiesta Eggs
no_person,137,d44204eabc0838b6,images/no_person/no_person_137_d44204eabc0838b6.jpg,0,0,squareish,mid,0.4012,0.2413,0.0756,none,1024,1024,0.0000,https://open-images-dataset.s3.amazonaws.com/validation/d44204eabc0838b6.jpg,https://farm7.staticflickr.com/479/18476903629_9009fc22a4_o.jpg,https://www.flickr.com/photos/ssdctw/18476903629,https://creativecommons.org/licenses/by/2.0/,Ting W. Chang,https://www.flickr.com/people/ssdctw/,#oyster #momsdish
no_person,138,d756def0c991fc16,images/no_person/no_person_138_d756def0c991fc16.jpg,0,0,landscape,dark,0.3170,0.2716,0.0716,none,1024,768,0.0000,https://open-images-dataset.s3.amazonaws.com/validation/d756def0c991fc16.jpg,https://farm7.staticflickr.com/5602/15826871971_4d7b5892c0_o.jpg,https://www.flickr.com/photos/kkoitz/15826871971,https://creativecommons.org/licenses/by/2.0/,Kevin Koitz,https://www.flickr.com/people/kkoitz/,Storage3
no_person,139,d80fa1bfdd6d4e8a,images/no_person/no_person_139_d80fa1bfdd6d4e8a.jpg,0,0,landscape,mid,0.5740,0.2304,0.1006,none,1024,768,0.0000,https://open-images-dataset.s3.amazonaws.com/validation/d80fa1bfdd6d4e8a.jpg,https://c3.staticflickr.com/1/21/33343263_c4f465d900_o.jpg,https://www.flickr.com/photos/nukeit1/33343263,https://creativecommons.org/licenses/by/2.0/,James McCauley,https://www.flickr.com/people/nukeit1/,Not Good
no_person,140,d907d76049a100c2,images/no_person/no_person_140_d907d76049a100c2.jpg,0,0,squareish,mid,0.5081,0.1609,0.3503,none,1024,1024,0.0000,https://open-images-dataset.s3.amazonaws.com/validation/d907d76049a100c2.jpg,https://farm3.staticflickr.com/545/19875720654_48b280bdcd_o.jpg,https://www.flickr.com/photos/haahr/19875720654,https://creativecommons.org/licenses/by/2.0/,Paul Haahr,https://www.flickr.com/people/haahr/,upload
no_person,141,d951f50fecf1a51b,images/no_person/no_person_141_d951f50fecf1a51b.jpg,0,0,landscape,dark,0.3086,0.2477,0.2172,none,1024,683,0.0000,https://open-images-dataset.s3.amazonaws.com/validation/d951f50fecf1a51b.jpg,https://c4.staticflickr.com/6/5474/10685609755_460cb28f9e_o.jpg,https://www.flickr.com/photos/cityfoodsters/10685609755,https://creativecommons.org/licenses/by/2.0/,City Foodsters,https://www.flickr.com/people/cityfoodsters/,Inside Sawa Sushi
no_person,142,d977bd2d81063b4a,images/no_person/no_person_142_d977bd2d81063b4a.jpg,0,0,portrait,mid,0.4407,0.3260,0.0000,none,768,1024,0.0000,https://open-images-dataset.s3.amazonaws.com/validation/d977bd2d81063b4a.jpg,https://c3.staticflickr.com/8/7226/7067696493_d8d6f719df_o.jpg,https://www.flickr.com/photos/75001512@N00/7067696493,https://creativecommons.org/licenses/by/2.0/,Joel Kramer,https://www.flickr.com/people/75001512@N00/,laundry basket
no_person,143,daa88aa68ff91d62,images/no_person/no_person_143_daa88aa68ff91d62.jpg,0,0,portrait,mid,0.4147,0.3344,0.0675,none,768,1024,0.0000,https://open-images-dataset.s3.amazonaws.com/validation/daa88aa68ff91d62.jpg,https://farm3.staticflickr.com/2656/3739041727_c8aaf8cf8b_o.jpg,https://www.flickr.com/photos/mellis/3739041727/,https://creativecommons.org/licenses/by/2.0/,David Mellis,https://www.flickr.com/people/mellis/,Boiling water for tea
no_person,144,dba3a2b4d1d21211,images/no_person/no_person_144_dba3a2b4d1d21211.jpg,0,0,landscape,mid,0.4165,0.1851,0.2903,none,1024,683,0.0000,https://open-images-dataset.s3.amazonaws.com/validation/dba3a2b4d1d21211.jpg,https://farm2.staticflickr.com/2808/11118175646_797dbed629_o.jpg,https://www.flickr.com/photos/tedmurphy/11118175646,https://creativecommons.org/licenses/by/2.0/,Ted Murphy,https://www.flickr.com/people/tedmurphy/,Clams Casino
no_person,145,def32cd280e19b00,images/no_person/no_person_145_def32cd280e19b00.jpg,0,0,landscape,dark,0.1408,0.1480,0.0661,none,1024,683,0.0000,https://open-images-dataset.s3.amazonaws.com/validation/def32cd280e19b00.jpg,https://farm1.staticflickr.com/2756/4374880309_8eab8ed786_o.jpg,https://www.flickr.com/photos/art_star/4374880309,https://creativecommons.org/licenses/by/2.0/,danie;,https://www.flickr.com/people/art_star/,futuretainment
no_person,146,dff59b654d88d729,images/no_person/no_person_146_dff59b654d88d729.jpg,0,0,landscape,mid,0.5807,0.1557,0.2508,none,1024,577,0.0000,https://open-images-dataset.s3.amazonaws.com/validation/dff59b654d88d729.jpg,https://c2.staticflickr.com/5/4138/4862309948_9ff787e2f8_o.jpg,https://www.flickr.com/photos/sendaiblog/4862309948,https://creativecommons.org/licenses/by/2.0/,Sendai Blog,https://www.flickr.com/people/sendaiblog/,Subway仙台トラストシティ店
no_person,147,e1792cac0240bdd1,images/no_person/no_person_147_e1792cac0240bdd1.jpg,0,0,landscape,mid,0.3964,0.2239,0.4076,none,1024,683,0.0000,https://open-images-dataset.s3.amazonaws.com/validation/e1792cac0240bdd1.jpg,https://farm2.staticflickr.com/3282/3279755521_d338eeeffc_o.jpg,https://www.flickr.com/photos/machineisorganic/3279755521,https://creativecommons.org/licenses/by/2.0/,Callie Reed,https://www.flickr.com/people/machineisorganic/,The Elusive Roast Chicken
no_person,148,e1c0d6e6c72399b6,images/no_person/no_person_148_e1c0d6e6c72399b6.jpg,0,0,portrait,mid,0.4946,0.2399,0.0715,none,768,1024,0.0000,https://open-images-dataset.s3.amazonaws.com/validation/e1c0d6e6c72399b6.jpg,https://farm7.staticflickr.com/128/370605961_5a557043e4_o.jpg,https://www.flickr.com/photos/thomasthailand/370605961,https://creativecommons.org/licenses/by/2.0/,Thai Handicrafts,https://www.flickr.com/people/thomasthailand/,IMG_4573
no_person,149,e338bd3b9471a143,images/no_person/no_person_149_e338bd3b9471a143.jpg,0,0,landscape,mid,0.5943,0.1710,0.0078,none,1024,661,0.0000,https://open-images-dataset.s3.amazonaws.com/validation/e338bd3b9471a143.jpg,https://farm4.staticflickr.com/7518/15530195417_4201a74e6c_o.jpg,https://www.flickr.com/photos/97930879@N02/15530195417,https://creativecommons.org/licenses/by/2.0/,tommy japan,https://www.flickr.com/people/97930879@N02/,"Dong Tam Airfield, Định Tường, Dec 1968 - Photo by Lance & Cromwell"
no_person,150,e3dfaf8e844654f4,images/no_person/no_person_150_e3dfaf8e844654f4.jpg,0,0,landscape,bright,0.6521,0.2152,0.1479,none,1024,680,0.0000,https://open-images-dataset.s3.amazonaws.com/validation/e3dfaf8e844654f4.jpg,https://farm5.staticflickr.com/2495/3790144059_11a3d443ca_o.jpg,https://www.flickr.com/photos/lamoix/3790144059/,https://creativecommons.org/licenses/by/2.0/,lamoix,https://www.flickr.com/people/lamoix/,Apartment Block with Statues
no_person,151,e5535a2cf65c6f2b,images/no_person/no_person_151_e5535a2cf65c6f2b.jpg,0,0,landscape,mid,0.3600,0.2932,0.1625,none,1024,577,0.0000,https://open-images-dataset.s3.amazonaws.com/validation/e5535a2cf65c6f2b.jpg,https://c4.staticflickr.com/4/3632/3622678579_fa20f70bf4_o.jpg,https://www.flickr.com/photos/efilsgood/3622678579/,https://creativecommons.org/licenses/by/2.0/,Mellie,https://www.flickr.com/people/efilsgood/,Tribute #1
no_person,152,e60c8574d93ac919,images/no_person/no_person_152_e60c8574d93ac919.jpg,0,0,landscape,mid,0.3998,0.2609,0.1260,none,1024,683,0.0000,https://open-images-dataset.s3.amazonaws.com/validation/e60c8574d93ac919.jpg,https://c2.staticflickr.com/1/356/19034737611_23584e9af9_o.jpg,https://www.flickr.com/photos/triplea4/19034737611,https://creativecommons.org/licenses/by/2.0/,Tony,https://www.flickr.com/people/triplea4/,2015-06-21 14.42.38
no_person,153,e8e57e35dd0503ae,images/no_person/no_person_153_e8e57e35dd0503ae.jpg,0,0,landscape,mid,0.5394,0.2885,0.2955,none,1024,683,0.0000,https://open-images-dataset.s3.amazonaws.com/validation/e8e57e35dd0503ae.jpg,https://c7.staticflickr.com/4/3929/15250550187_79a558dc70_o.jpg,https://www.flickr.com/photos/darthale/15250550187,https://creativecommons.org/licenses/by/2.0/,AleGranholm,https://www.flickr.com/people/darthale/,Palais de Nations. Geneva
no_person,154,e930f96788179c21,images/no_person/no_person_154_e930f96788179c21.jpg,0,0,portrait,mid,0.4812,0.1599,0.0861,none,768,1024,0.0000,https://open-images-dataset.s3.amazonaws.com/validation/e930f96788179c21.jpg,https://farm2.staticflickr.com/1413/4603429147_6a4a6f2c27_o.jpg,https://www.flickr.com/photos/deraesthet/4603429147,https://creativecommons.org/licenses/by/2.0/,derÄsthet,https://www.flickr.com/people/deraesthet/,IMG_0583
no_person,155,e9423e6b8bae1cdf,images/no_person/no_person_155_e9423e6b8bae1cdf.jpg,0,0,landscape,dark,0.2954,0.2279,0.1172,none,1024,681,0.0000,https://open-images-dataset.s3.amazonaws.com/validation/e9423e6b8bae1cdf.jpg,https://c8.staticflickr.com/4/3506/3461641236_ac2edc4110_o.jpg,https://www.flickr.com/photos/wackyvorlon/3461641236,https://creativecommons.org/licenses/by/2.0/,Paul Anderson,https://www.flickr.com/people/wackyvorlon/,IMG_1048
no_person,156,e9d0de6cc6112a2f,images/no_person/no_person_156_e9d0de6cc6112a2f.jpg,0,0,portrait,mid,0.5542,0.1461,0.1631,none,819,1024,0.0000,https://open-images-dataset.s3.amazonaws.com/validation/e9d0de6cc6112a2f.jpg,https://c8.staticflickr.com/1/66/165375751_b5f3c9d8f8_o.jpg,https://www.flickr.com/photos/jwthompson2/165375751,https://creativecommons.org/licenses/by/2.0/,James Thompson,https://www.flickr.com/people/jwthompson2/,P6112985.jpg
no_person,157,eadc34667bc846bc,images/no_person/no_person_157_eadc34667bc846bc.jpg,0,0,landscape,dark,0.1950,0.1796,0.2487,none,1024,768,0.0000,https://open-images-dataset.s3.amazonaws.com/validation/eadc34667bc846bc.jpg,https://c5.staticflickr.com/3/2014/2115264342_a3c983e210_o.jpg,https://www.flickr.com/photos/tedpercival/2115264342,https://creativecommons.org/licenses/by/2.0/,Ted &amp; Dani Percival,https://www.flickr.com/people/tedpercival/,Kokanee Glacier Beer
no_person,158,eb8e6045be1633e2,images/no_person/no_person_158_eb8e6045be1633e2.jpg,0,0,landscape,bright,0.6940,0.2091,0.1728,none,1024,468,0.0000,https://open-images-dataset.s3.amazonaws.com/validation/eb8e6045be1633e2.jpg,https://farm3.staticflickr.com/5572/14994906148_57fc2fd506_o.jpg,https://www.flickr.com/photos/chrstphre/14994906148,https://creativecommons.org/licenses/by/2.0/,chrstphre ㋛ campbell,https://www.flickr.com/people/chrstphre/,UnUsual Flies
no_person,159,f02c1b491c4639aa,images/no_person/no_person_159_f02c1b491c4639aa.jpg,0,0,portrait,bright,0.6631,0.1341,0.0288,none,768,1024,0.0000,https://open-images-dataset.s3.amazonaws.com/validation/f02c1b491c4639aa.jpg,https://c3.staticflickr.com/6/5001/5323972609_1327e5e681_o.jpg,https://www.flickr.com/photos/usfwsmidwest/5323972609,https://creativecommons.org/licenses/by/2.0/,USFWSmidwest,https://www.flickr.com/people/usfwsmidwest/,Lynx Tracking
no_person,160,f0f8a4735dc4aac7,images/no_person/no_person_160_f0f8a4735dc4aac7.jpg,0,0,landscape,mid,0.5758,0.1958,0.0851,none,1024,768,0.0000,https://open-images-dataset.s3.amazonaws.com/validation/f0f8a4735dc4aac7.jpg,https://farm8.staticflickr.com/4003/4351332048_81537bc39e_o.jpg,https://www.flickr.com/photos/sagek/4351332048,https://creativecommons.org/licenses/by/2.0/,Sage K.,https://www.flickr.com/people/sagek/,Edging close up
no_person,161,f12616525999f0d2,images/no_person/no_person_161_f12616525999f0d2.jpg,0,0,landscape,mid,0.4182,0.2136,0.0837,none,1024,768,0.0000,https://open-images-dataset.s3.amazonaws.com/validation/f12616525999f0d2.jpg,https://farm3.staticflickr.com/2277/1553279052_3b7f318e3d_o.jpg,https://www.flickr.com/photos/apparent/1553279052,https://creativecommons.org/licenses/by/2.0/,Jason Faulkner,https://www.flickr.com/people/apparent/,hallway
no_person,162,f172a83198d21d73,images/no_person/no_person_162_f172a83198d21d73.jpg,0,0,landscape,mid,0.4789,0.2066,0.1662,none,1024,768,0.0000,https://open-images-dataset.s3.amazonaws.com/validation/f172a83198d21d73.jpg,https://farm4.staticflickr.com/6024/5981415746_f7002612fa_o.jpg,https://www.flickr.com/photos/nicole_beauchamp/5981415746,https://creativecommons.org/licenses/by/2.0/,Nicole  Beauchamp,https://www.flickr.com/people/nicole_beauchamp/,....where in #Manhattan is this ? .....#nycre
no_person,163,f65562c47990a68b,images/no_person/no_person_163_f65562c47990a68b.jpg,0,0,landscape,bright,0.6677,0.3123,0.1345,none,1024,683,0.0000,https://open-images-dataset.s3.amazonaws.com/validation/f65562c47990a68b.jpg,https://c4.staticflickr.com/9/8566/15850747887_dfc1e5e0f5_o.jpg,https://www.flickr.com/photos/chaz_pics/15850747887,https://creativecommons.org/licenses/by/2.0/,Charlie Jackson,https://www.flickr.com/people/chaz_pics/,Lockheed Martin C-130J Hercules
no_person,164,fc06c512eed266b3,images/no_person/no_person_164_fc06c512eed266b3.jpg,0,0,landscape,mid,0.3985,0.1991,0.0799,none,1024,544,0.0000,https://open-images-dataset.s3.amazonaws.com/validation/fc06c512eed266b3.jpg,https://farm4.staticflickr.com/4077/4748531609_ee6ca37dc0_o.jpg,https://www.flickr.com/photos/riebart/4748531609,https://creativecommons.org/licenses/by/2.0/,Michael Himbeault,https://www.flickr.com/people/riebart/,Waiting to take off
no_person,165,fce2de65f50d9d6d,images/no_person/no_person_165_fce2de65f50d9d6d.jpg,0,0,landscape,dark,0.3283,0.2430,0.3339,none,1024,765,0.0000,https://open-images-dataset.s3.amazonaws.com/validation/fce2de65f50d9d6d.jpg,https://c6.staticflickr.com/5/4150/5005307540_83cb8cdb07_o.jpg,https://www.flickr.com/photos/horaguchi/5005307540,https://creativecommons.org/licenses/by/2.0/,Koji Horaguchi,https://www.flickr.com/people/horaguchi/,手羽先
no_person,166,fff820866f567015,images/no_person/no_person_166_fff820866f567015.jpg,0,0,landscape,mid,0.3619,0.2348,0.1602,none,1024,768,0.0000,https://open-images-dataset.s3.amazonaws.com/validation/fff820866f567015.jpg,https://farm6.staticflickr.com/2177/2377100155_12999a30c7_o.jpg,https://www.flickr.com/photos/darinhercules/2377100155,https://creativecommons.org/licenses/by/2.0/,Debra Roby,https://www.flickr.com/people/darinhercules/,Mini-taxi Outside Thai Restaurant
one_person,1,001a809ad40a2f84,images/one_person/multiple_people_001_001a809ad40a2f84.jpg,1,1,landscape,dark,0.2912,0.2720,0.1305,two_people,1024,768,0.0242,https://open-images-dataset.s3.amazonaws.com/validation/001a809ad40a2f84.jpg,https://farm5.staticflickr.com/5015/5484042252_fb18ee96aa_o.jpg,https://www.flickr.com/photos/msvg/5484042252,https://creativecommons.org/licenses/by/2.0/,Michael Gil,https://www.flickr.com/people/msvg/,2011 Volvo S60 T5
one_person,3,05c6fc62d2980f50,images/one_person/one_person_003_05c6fc62d2980f50.jpg,1,1,portrait,mid,0.5491,0.3069,0.3737,close,683,1024,0.9882,https://open-images-dataset.s3.amazonaws.com/validation/05c6fc62d2980f50.jpg,https://farm1.staticflickr.com/5215/5474115851_ce663c84be_o.jpg,https://www.flickr.com/photos/agecombahia/5474115851,https://creativecommons.org/licenses/by/2.0/,Fotos GOVBA,https://www.flickr.com/people/agecombahia/,Lançamento da pedra fundamental
one_person,5,05979fd2ebd7ecf1,images/one_person/multiple_people_005_05979fd2ebd7ecf1.jpg,1,1,landscape,dark,0.3021,0.2737,0.2414,two_people,1024,576,0.1241,https://open-images-dataset.s3.amazonaws.com/validation/05979fd2ebd7ecf1.jpg,https://farm2.staticflickr.com/5785/21245847760_4fb034acf1_o.jpg,https://www.flickr.com/photos/119886413@N05/21245847760,https://creativecommons.org/licenses/by/2.0/,amateur photography by michel,https://www.flickr.com/people/119886413@N05/,Checking Out
one_person,6,06aaa4cd2f0f554d,images/one_person/multiple_people_006_06aaa4cd2f0f554d.jpg,1,1,portrait,dark,0.2853,0.2382,0.1713,two_people,769,1024,0.9653,https://open-images-dataset.s3.amazonaws.com/validation/06aaa4cd2f0f554d.jpg,https://c6.staticflickr.com/5/4033/4511337336_1f910fd1aa_o.jpg,https://www.flickr.com/photos/chindeng/4511337336,https://creativecommons.org/licenses/by/2.0/,CHIN.DENG,https://www.flickr.com/people/chindeng/,DSC_5057-P
one_person,8,0ff8dd7e1d0f6010,images/one_person/one_person_008_0ff8dd7e1d0f6010.jpg,1,1,landscape,mid,0.3966,0.1804,0.2828,wide,1024,681,0.1157,https://open-images-dataset.s3.amazonaws.com/validation/0ff8dd7e1d0f6010.jpg,https://farm1.staticflickr.com/1244/944618180_c8e774e659_o.jpg,https://www.flickr.com/photos/acolla/944618180,https://creativecommons.org/licenses/by/2.0/,Anderson Colla,https://www.flickr.com/people/acolla/,Falta
one_person,9,105894faa652acd5,images/one_person/one_person_009_105894faa652acd5.jpg,1,1,landscape,dark,0.3167,0.2667,0.2169,close,1024,484,0.9083,https://open-images-dataset.s3.amazonaws.com/validation/105894faa652acd5.jpg,https://farm6.staticflickr.com/2949/15412279356_6d542a1074_o.jpg,https://www.flickr.com/photos/postmemes/15412279356,https://creativecommons.org/licenses/by/2.0/,Post Memes,https://www.flickr.com/people/postmemes/,I can’t be the only one…can I?
one_person,10,106c8de22ed8d1d4,images/one_person/one_person_010_106c8de22ed8d1d4.jpg,1,1,portrait,dark,0.3422,0.2520,0.1168,close,683,1024,0.4773,https://open-images-dataset.s3.amazonaws.com/validation/106c8de22ed8d1d4.jpg,https://farm5.staticflickr.com/4088/5180240737_5ba329c4b4_o.jpg,https://www.flickr.com/photos/docmonstereyes/5180240737,https://creativecommons.org/licenses/by/2.0/,docmonstereyes,https://www.flickr.com/people/docmonstereyes/,IMG_7681
one_person,13,1acd7065fb928ac6,images/one_person/one_person_013_1acd7065fb928ac6.jpg,1,1,squareish,mid,0.3644,0.2696,0.1591,close,1024,1024,0.8375,https://open-images-dataset.s3.amazonaws.com/validation/1acd7065fb928ac6.jpg,https://farm7.staticflickr.com/8334/8129484612_cd44498e9e_o.jpg,https://www.flickr.com/photos/duald/8129484612,https://creativecommons.org/licenses/by/2.0/,dualdflipflop,https://www.flickr.com/people/duald/,Scary Doctor
one_person,14,1afac27b76f7491e,images/one_person/one_person_014_1afac27b76f7491e.jpg,1,1,landscape,mid,0.4491,0.2969,0.1276,wide,1024,768,0.0990,https://open-images-dataset.s3.amazonaws.com/validation/1afac27b76f7491e.jpg,https://c7.staticflickr.com/8/7265/7769698570_8ec1b0c4d7_o.jpg,https://www.flickr.com/photos/blmurch/7769698570,https://creativecommons.org/licenses/by/2.0/,Beatrice Murch,https://www.flickr.com/people/blmurch/,Puerto Madero Run July 21
one_person,15,1b5e5bfbedee8bf2,images/one_person/one_person_015_1b5e5bfbedee8bf2.jpg,1,1,portrait,mid,0.6263,0.1888,0.3354,close,768,1024,0.5204,https://open-images-dataset.s3.amazonaws.com/validation/1b5e5bfbedee8bf2.jpg,https://farm3.staticflickr.com/8110/8556131185_03436942e2_o.jpg,https://www.flickr.com/photos/18877131@N05/8556131185,https://creativecommons.org/licenses/by/2.0/,kOikOi00,https://www.flickr.com/people/18877131@N05/,I believe that the whole Ateneo Community and the Society of Jesus is honored and grateful to have Cardinal Jorge Mario Bergoglio (SJ) as the newly elected leader of the Catholic Church now Pope Francis becoming the first Latin American pontiff.
one_person,16,1bc5dd3c47ce5520,images/one_person/one_person_016_1bc5dd3c47ce5520.jpg,1,1,landscape,dark,0.3279,0.2055,0.2695,wide,1024,682,0.1066,https://open-images-dataset.s3.amazonaws.com/validation/1bc5dd3c47ce5520.jpg,https://farm1.staticflickr.com/98/376703325_73ff1e4ced_o.jpg,https://www.flickr.com/photos/reggiebibbs/376703325,https://creativecommons.org/licenses/by/2.0/,Reggie Bibbs,https://www.flickr.com/people/reggiebibbs/,Red4RE  Ferrari
one_person,18,0e8aef71cc6618dc,images/one_person/multiple_people_018_0e8aef71cc6618dc.jpg,1,1,portrait,bright,0.6875,0.2958,0.4257,two_people,683,1024,0.2486,https://open-images-dataset.s3.amazonaws.com/validation/0e8aef71cc6618dc.jpg,https://c5.staticflickr.com/4/3761/12204777414_290640f8b2_o.jpg,https://www.flickr.com/photos/mawzen/12204777414,https://creativecommons.org/licenses/by/2.0/,Mawzen Hsu,https://www.flickr.com/people/mawzen/,Maggie_1610
one_person,19,10bc62e196683c3d,images/one_person/multiple_people_019_10bc62e196683c3d.jpg,1,1,portrait,bright,0.7356,0.2161,0.2228,two_people,683,1024,0.5196,https://open-images-dataset.s3.amazonaws.com/validation/10bc62e196683c3d.jpg,https://c6.staticflickr.com/9/8737/16955727526_aa0656878e_o.jpg,https://www.flickr.com/photos/skateralbums/16955727526,https://creativecommons.org/licenses/by/2.0/,Amherst Skating Club,https://www.flickr.com/people/skateralbums/,2015 Basic Skills Competition
one_person,21,1250a079d3fbd919,images/one_person/multiple_people_021_1250a079d3fbd919.jpg,1,1,landscape,dark,0.2482,0.2342,0.1746,two_people,1024,787,0.7769,https://open-images-dataset.s3.amazonaws.com/validation/1250a079d3fbd919.jpg,https://c2.staticflickr.com/4/3072/2982458541_e76cd94f2c_o.jpg,https://www.flickr.com/photos/pedrolopez/2982458541,https://creativecommons.org/licenses/by/2.0/,Pedro Lopez,https://www.flickr.com/people/pedrolopez/,101
one_person,21,2441993672e49498,images/one_person/one_person_021_2441993672e49498.jpg,1,1,landscape,mid,0.6439,0.2453,0.1514,medium,1024,684,0.3712,https://open-images-dataset.s3.amazonaws.com/validation/2441993672e49498.jpg,https://c1.staticflickr.com/6/5503/10580013315_303dccfa23_o.jpg,https://www.flickr.com/photos/cmichel67/10580013315,https://creativecommons.org/licenses/by/2.0/,Christopher Michel,https://www.flickr.com/people/cmichel67/,Ovascience
one_person,23,266a3f657957cba7,images/one_person/one_person_023_266a3f657957cba7.jpg,1,1,portrait,bright,0.7091,0.3567,0.0050,close,833,1024,0.4702,https://open-images-dataset.s3.amazonaws.com/validation/266a3f657957cba7.jpg,https://farm8.staticflickr.com/5514/10425822114_32efe3a8ce_o.jpg,https://www.flickr.com/photos/cityofbostonarchives/10425822114,https://creativecommons.org/licenses/by/2.0/,City of Boston Archives,https://www.flickr.com/people/cityofbostonarchives/,Unidentified man
one_person,27,1cb8d7f4bd9add65,images/one_person/multiple_people_027_1cb8d7f4bd9add65.jpg,1,1,landscape,bright,0.7019,0.1480,0.2942,two_people,1024,683,0.0023,https://open-images-dataset.s3.amazonaws.com/validation/1cb8d7f4bd9add65.jpg,https://farm6.staticflickr.com/2669/5719770970_14dd9bd8b5_o.jpg,https://www.flickr.com/photos/alanant/5719770970,https://creativecommons.org/licenses/by/2.0/,Illusive Photography,https://www.flickr.com/people/alanant/,Rides
one_person,30,2bee5d12e4ef7ccf,images/one_person/one_person_030_2bee5d12e4ef7ccf.jpg,1,1,landscape,mid,0.5279,0.1497,0.0741,medium,1024,640,0.1982,https://open-images-dataset.s3.amazonaws.com/validation/2bee5d12e4ef7ccf.jpg,https://c8.staticflickr.com/6/5556/14190233051_d62965af00_o.jpg,https://www.flickr.com/124345295@N03/14190233051,https://creativecommons.org/licenses/by/2.0/,Ciclismo Italia,https://www.flickr.com/people/ciclismoitalia/,Vergognoso: Il tesserino di Pantani in vendita su eBay! L'ira della madre!!
one_person,32,2c0ede2d5afce7a5,images/one_person/one_person_032_2c0ede2d5afce7a5.jpg,1,1,landscape,dark,0.3426,0.2911,0.2459,close,1024,765,0.6214,https://open-images-dataset.s3.amazonaws.com/validation/2c0ede2d5afce7a5.jpg,https://farm6.staticflickr.com/4069/5075054507_cdd71a9d56_o.jpg,https://www.flickr.com/photos/josunjin20/5075054507,https://creativecommons.org/licenses/by/2.0/,sunjin jo,https://www.flickr.com/people/josunjin20/,남에집에 무슨용무야?
one_person,34,27381baca8b56e16,images/one_person/multiple_people_034_27381baca8b56e16.jpg,1,1,portrait,dark,0.3184,0.2869,0.3391,two_people,683,1024,1.0000,https://open-images-dataset.s3.amazonaws.com/validation/27381baca8b56e16.jpg,https://farm7.staticflickr.com/2097/2138511593_1eaf19d95b_o.jpg,https://www.flickr.com/photos/rohypnol/2138511593,https://creativecommons.org/licenses/by/2.0/,Francesco Zaia,https://www.flickr.com/people/rohypnol/,Amore!
one_person,34,2df686d1d1864fb4,images/one_person/one_person_034_2df686d1d1864fb4.jpg,1,1,portrait,mid,0.6142,0.2068,0.2203,close,683,1024,0.8608,https://open-images-dataset.s3.amazonaws.com/validation/2df686d1d1864fb4.jpg,https://farm5.staticflickr.com/8511/8472781590_98b133d47f_o.jpg,https://www.flickr.com/photos/10154402@N03/8472781590,https://creativecommons.org/licenses/by/2.0/,Bruce Guenter,https://www.flickr.com/people/10154402@N03/,Day 162: Time to twirl
one_person,35,2e795d1eb06f7887,images/one_person/one_person_035_2e795d1eb06f7887.jpg,1,1,portrait,mid,0.4519,0.2374,0.1316,close,683,1024,1.0000,https://open-images-dataset.s3.amazonaws.com/validation/2e795d1eb06f7887.jpg,https://farm8.staticflickr.com/6129/6005562524_25745b5312_o.jpg,https://www.flickr.com/photos/dvids/6005562524,https://creativecommons.org/licenses/by/2.0/,DVIDSHUB,https://www.flickr.com/people/dvids/,Competitor from TV's 'Top Shot' manages marksmanship event for Rodeo 2011 [Image 1 of 6]
one_person,37,33e560e47afb32fc,images/one_person/one_person_037_33e560e47afb32fc.jpg,1,1,landscape,mid,0.4595,0.3237,0.2151,close,1024,686,0.7622,https://open-images-dataset.s3.amazonaws.com/validation/33e560e47afb32fc.jpg,https://c5.staticflickr.com/4/3024/3109687343_9bc9d8ecf0_o.jpg,https://www.flickr.com/photos/mbosio/3109687343,https://creativecommons.org/licenses/by/2.0/,Max Bosio,https://www.flickr.com/people/mbosio/,Bolivar en buseo
one_person,38,2b1f2c95be4c43a8,images/one_person/multiple_people_038_2b1f2c95be4c43a8.jpg,1,1,landscape,mid,0.4451,0.2364,0.2859,two_people,1024,683,0.0825,https://open-images-dataset.s3.amazonaws.com/validation/2b1f2c95be4c43a8.jpg,https://c1.staticflickr.com/4/3170/5868016096_c21e1c9eaa_o.jpg,https://www.flickr.com/photos/32890877@N07/5868016096,https://creativecommons.org/licenses/by/2.0/,lanashah,https://www.flickr.com/people/32890877@N07/,IMG_5818
one_person,39,3b18539b45071335,images/one_person/one_person_039_3b18539b45071335.jpg,1,1,portrait,mid,0.3792,0.2316,0.0633,close,768,1024,0.7322,https://open-images-dataset.s3.amazonaws.com/validation/3b18539b45071335.jpg,https://farm6.staticflickr.com/7239/7181181330_6cf22bc202_o.jpg,https://www.flickr.com/photos/alexsbayley/7181181330,https://creativecommons.org/licenses/by/2.0/,Alex &quot;Skud&quot; Bayley,https://www.flickr.com/people/alexsbayley/,Cardigan/OOTD Jan 20
one_person,41,30a50c305d4fcd41,images/one_person/multiple_people_041_30a50c305d4fcd41.jpg,1,1,landscape,dark,0.1563,0.2785,0.0750,two_people,1024,686,0.5170,https://open-images-dataset.s3.amazonaws.com/validation/30a50c305d4fcd41.jpg,https://farm2.staticflickr.com/1426/5183111258_f59aa57f82_o.jpg,https://www.flickr.com/photos/fotopavolfreso/5183111258/,https://creativecommons.org/licenses/by/2.0/,Bratislavská župa,https://www.flickr.com/people/fotopavolfreso/,Udeľovanie cien Samuela Zocha
one_person,42,4473a57527bce035,images/one_person/one_person_042_4473a57527bce035.jpg,1,1,portrait,mid,0.3677,0.2017,0.2569,close,682,1024,0.4539,https://open-images-dataset.s3.amazonaws.com/validation/4473a57527bce035.jpg,https://farm6.staticflickr.com/8577/15853772779_132f1c6e06_o.jpg,https://www.flickr.com/photos/35711785@N00/15853772779,https://creativecommons.org/licenses/by/2.0/,Danny Byas,https://www.flickr.com/people/35711785@N00/,IMG_4760
one_person,43,359a19a08916fb41,images/one_person/multiple_people_043_359a19a08916fb41.jpg,1,1,portrait,bright,0.6736,0.2484,0.1152,two_people,576,1024,0.7280,https://open-images-dataset.s3.amazonaws.com/validation/359a19a08916fb41.jpg,https://farm2.staticflickr.com/678/20313612814_34518c7b13_o.jpg,https://www.flickr.com/photos/bhalwal/20313612814,https://creativecommons.org/licenses/by/2.0/,Rizwan Sagar 03458650886,https://www.flickr.com/people/bhalwal/,FB_IMG_1440690077292
one_person,43,448a11c4a72c2dda,images/one_person/one_person_043_448a11c4a72c2dda.jpg,1,1,squareish,dark,0.2883,0.3697,0.0623,close,1024,1024,0.5586,https://open-images-dataset.s3.amazonaws.com/validation/448a11c4a72c2dda.jpg,https://c3.staticflickr.com/4/3380/3181966860_b1c32e8ef7_o.jpg,https://www.flickr.com/photos/hrvoje_goluza/3181966860,https://creativecommons.org/licenses/by/2.0/,Hrvoje,https://www.flickr.com/people/hrvoje_goluza/,FRED NIPI
one_person,44,3b80328ebb23b640,images/one_person/multiple_people_044_3b80328ebb23b640.jpg,1,1,portrait,mid,0.5211,0.1569,0.0897,small_group,768,1024,0.4123,https://open-images-dataset.s3.amazonaws.com/validation/3b80328ebb23b640.jpg,https://farm1.staticflickr.com/4139/4885050739_db8afa0d20_o.jpg,https://www.flickr.com/photos/46505489@N03/4885050739,https://creativecommons.org/licenses/by/2.0/,IFLA New Professionals Special Interest Group,https://www.flickr.com/people/46505489@N03/,IFLA2010-thursday (15)
one_person,47,4a55f408ddfb54e5,images/one_person/one_person_047_4a55f408ddfb54e5.jpg,1,1,landscape,mid,0.4374,0.1464,0.2962,medium,1024,768,0.3568,https://open-images-dataset.s3.amazonaws.com/validation/4a55f408ddfb54e5.jpg,https://farm6.staticflickr.com/67/167300453_8539040ff0_o.jpg,https://www.flickr.com/photos/sneakerdog/167300453,https://creativecommons.org/licenses/by/2.0/,sneakerdog,https://www.flickr.com/people/sneakerdog/,Hammerhead shark
one_person,51,4fa7c4192dde38d6,images/one_person/one_person_051_4fa7c4192dde38d6.jpg,1,1,landscape,mid,0.3650,0.1717,0.1058,medium,1024,686,0.2595,https://open-images-dataset.s3.amazonaws.com/validation/4fa7c4192dde38d6.jpg,https://farm7.staticflickr.com/3873/15215315132_6828191b25_o.jpg,https://www.flickr.com/photos/acsonline/15215315132,https://creativecommons.org/licenses/by/2.0/,ACS-Ufficio Stampa Consiglio regionale Umbria,https://www.flickr.com/people/acsonline/,"(Acs) lascito Franchetti, sopralluogo consigliere Lignani Marchesani"
one_person,54,5473d81fc8a5a6bb,images/one_person/one_person_054_5473d81fc8a5a6bb.jpg,1,1,landscape,mid,0.4684,0.4430,0.0779,close,1024,768,0.8030,https://open-images-dataset.s3.amazonaws.com/validation/5473d81fc8a5a6bb.jpg,https://c4.staticflickr.com/4/3185/2735395990_399ed3a6c4_o.jpg,https://www.flickr.com/photos/yo4ever/2735395990,https://creativecommons.org/licenses/by/2.0/,hernan barrientos,https://www.flickr.com/people/yo4ever/,why so serious?
one_person,56,4aacf2693271afde,images/one_person/multiple_people_056_4aacf2693271afde.jpg,1,1,landscape,mid,0.5817,0.1563,0.3715,small_group,1024,683,0.5320,https://open-images-dataset.s3.amazonaws.com/validation/4aacf2693271afde.jpg,https://c7.staticflickr.com/5/4134/4825402966_c6d438261c_o.jpg,https://www.flickr.com/photos/8136496@N05/4825402966,https://creativecommons.org/licenses/by/2.0/,terren in Virginia,https://www.flickr.com/people/8136496@N05/,Sanna Triathlon
one_person,57,585dd7f1faa235ef,images/one_person/one_person_057_585dd7f1faa235ef.jpg,1,1,portrait,mid,0.5766,0.1421,0.2417,medium,678,1024,0.1633,https://open-images-dataset.s3.amazonaws.com/validation/585dd7f1faa235ef.jpg,https://c8.staticflickr.com/8/7068/7132634993_71e52f7bc1_o.jpg,https://www.flickr.com/photos/tomkunz/7132634993,https://creativecommons.org/licenses/by/2.0/,Tom Kunz,https://www.flickr.com/people/tomkunz/,Untitled
one_person,58,59e2b03991f6a4ea,images/one_person/one_person_058_59e2b03991f6a4ea.jpg,1,1,landscape,mid,0.4846,0.2196,0.0520,medium,1024,768,0.2054,https://open-images-dataset.s3.amazonaws.com/validation/59e2b03991f6a4ea.jpg,https://c3.staticflickr.com/3/2576/3974873685_c15ffd21a7_o.jpg,https://www.flickr.com/photos/enricomatteucci/3974873685/,https://creativecommons.org/licenses/by/2.0/,Enrico Matteucci,https://www.flickr.com/people/enricomatteucci/,Laura a piedi nudi
one_person,63,64430a732bf65089,images/one_person/one_person_063_64430a732bf65089.jpg,1,1,landscape,mid,0.4652,0.2793,0.1437,wide,1024,768,0.0250,https://open-images-dataset.s3.amazonaws.com/validation/64430a732bf65089.jpg,https://c2.staticflickr.com/9/8003/7331897578_fd68b5cbd4_o.jpg,https://www.flickr.com/photos/thotfulspot/7331897578,https://creativecommons.org/licenses/by/2.0/,thotfulspot,https://www.flickr.com/people/thotfulspot/,Pennsylvania Rocks
one_person,67,7014f256073b1fce,images/one_person/one_person_067_7014f256073b1fce.jpg,1,1,landscape,mid,0.3782,0.1217,0.3063,wide,1024,685,0.0694,https://open-images-dataset.s3.amazonaws.com/validation/7014f256073b1fce.jpg,https://c7.staticflickr.com/4/3263/2298881426_4a5d2bc87d_o.jpg,https://www.flickr.com/photos/mattcsims/2298881426,https://creativecommons.org/licenses/by/2.0/,Matt Sims,https://www.flickr.com/people/mattcsims/,DSC_0060
one_person,69,70cda03d3facb77f,images/one_person/one_person_069_70cda03d3facb77f.jpg,1,1,portrait,mid,0.5088,0.2220,0.0000,close,680,1024,0.9875,https://open-images-dataset.s3.amazonaws.com/validation/70cda03d3facb77f.jpg,https://c8.staticflickr.com/6/5595/14848922331_250cf0e2b0_o.jpg,https://www.flickr.com/photos/mole555/14848922331,https://creativecommons.org/licenses/by/2.0/,Joel Solomon,https://www.flickr.com/people/mole555/,"Talk about Throwback Thursday....this is a photo of our grandfather, Josef. He joined the Prussian Police in 1919 and then was in the German Army in the 1920s and 30s before he died in a POW Camp in WWII. Thanks to my cousin in the Netherlands who sent me"
one_person,70,7114f394ca668e0d,images/one_person/one_person_070_7114f394ca668e0d.jpg,1,1,portrait,bright,0.6535,0.3618,0.1322,close,824,1024,0.9136,https://open-images-dataset.s3.amazonaws.com/validation/7114f394ca668e0d.jpg,https://c6.staticflickr.com/6/5134/5514935813_97a6a50a0e_o.jpg,https://www.flickr.com/photos/sfupamr/5514935813,https://creativecommons.org/licenses/by/2.0/,Simon Fraser University -  University Communications,https://www.flickr.com/people/sfupamr/,Brian Williams
one_person,72,749610d50093e03a,images/one_person/one_person_072_749610d50093e03a.jpg,1,1,portrait,dark,0.1272,0.2085,0.0949,close,687,1024,0.9689,https://open-images-dataset.s3.amazonaws.com/validation/749610d50093e03a.jpg,https://c3.staticflickr.com/9/8286/7714364686_c2f500787a_o.jpg,https://www.flickr.com/photos/47049534@N03/7714364686,https://creativecommons.org/licenses/by/2.0/,schmalzer24,https://www.flickr.com/people/47049534@N03/,Perfect in every way
one_person,73,7772aaad3a1b72cc,images/one_person/one_person_073_7772aaad3a1b72cc.jpg,1,1,landscape,mid,0.4418,0.2361,0.4142,medium,1024,689,0.1877,https://open-images-dataset.s3.amazonaws.com/validation/7772aaad3a1b72cc.jpg,https://c5.staticflickr.com/9/8215/8269578320_7d58c04879_o.jpg,https://www.flickr.com/photos/rickmccharles/8269578320,https://creativecommons.org/licenses/by/2.0/,Rick McCharles,https://www.flickr.com/people/rickmccharles/,Untitled
one_person,74,793c395cc5cd8ae6,images/one_person/one_person_074_793c395cc5cd8ae6.jpg,1,1,landscape,bright,0.6980,0.2533,0.0137,wide,1024,619,0.0082,https://open-images-dataset.s3.amazonaws.com/validation/793c395cc5cd8ae6.jpg,https://farm7.staticflickr.com/8232/8399458775_a1773fdb10_o.jpg,https://www.flickr.com/photos/playfordlibrary/8399458775,https://creativecommons.org/licenses/by/2.0/,Playford Library Service,https://www.flickr.com/people/playfordlibrary/,Wagon
one_person,76,62f5b3b114f74ea8,images/one_person/multiple_people_076_62f5b3b114f74ea8.jpg,1,1,landscape,mid,0.3525,0.2870,0.0956,crowd,1024,768,0.2604,https://open-images-dataset.s3.amazonaws.com/validation/62f5b3b114f74ea8.jpg,https://c1.staticflickr.com/4/3469/3704959094_c0b490b9f1_o.jpg,https://www.flickr.com/photos/openaccessweek/3704959094,https://creativecommons.org/licenses/by/2.0/,openaccessweek,https://www.flickr.com/people/openaccessweek/,Kanako Honma
one_person,78,7fa10463a405149b,images/one_person/one_person_078_7fa10463a405149b.jpg,1,1,landscape,mid,0.5439,0.3109,0.2372,medium,1024,768,0.1459,https://open-images-dataset.s3.amazonaws.com/validation/7fa10463a405149b.jpg,https://c4.staticflickr.com/4/3211/2745282759_bb5acf45d2_o.jpg,https://www.flickr.com/photos/oakleyoriginals/2745282759,https://creativecommons.org/licenses/by/2.0/,OakleyOriginals,https://www.flickr.com/people/oakleyoriginals/,F-U-N !
one_person,79,803b24a864ebe3ae,images/one_person/one_person_079_803b24a864ebe3ae.jpg,1,1,portrait,mid,0.4944,0.2333,0.1560,medium,768,1024,0.3441,https://open-images-dataset.s3.amazonaws.com/validation/803b24a864ebe3ae.jpg,https://c7.staticflickr.com/1/61/229407363_3fe164ccd1_o.jpg,https://www.flickr.com/photos/humblog/229407363,https://creativecommons.org/licenses/by/2.0/,Bob Doran,https://www.flickr.com/people/humblog/,Clint flip organic burgers
one_person,80,6a6881aefff9ad58,images/one_person/multiple_people_080_6a6881aefff9ad58.jpg,1,1,landscape,mid,0.4836,0.3224,0.1832,small_group,1024,683,0.3403,https://open-images-dataset.s3.amazonaws.com/validation/6a6881aefff9ad58.jpg,https://c1.staticflickr.com/3/2538/3722455921_3e1fb931b4_o.jpg,https://www.flickr.com/photos/hood/3722455921,https://creativecommons.org/licenses/by/2.0/,MR.EUGENE $$,https://www.flickr.com/people/hood/,DIM SUM FAIL
one_person,82,837b3d11ff02f116,images/one_person/one_person_082_837b3d11ff02f116.jpg,1,1,landscape,mid,0.4983,0.2837,0.1249,medium,1024,683,0.1842,https://open-images-dataset.s3.amazonaws.com/validation/837b3d11ff02f116.jpg,https://farm7.staticflickr.com/2074/1776501715_8df835b642_o.jpg,https://www.flickr.com/photos/cs-jay/1776501715,https://creativecommons.org/licenses/by/2.0/,Christian Jensen,https://www.flickr.com/people/cs-jay/,"Maldives, October 2007"
one_person,84,886236e08b9b968c,images/one_person/one_person_084_886236e08b9b968c.jpg,1,1,landscape,dark,0.1187,0.2318,0.1331,close,1024,682,0.5026,https://open-images-dataset.s3.amazonaws.com/validation/886236e08b9b968c.jpg,https://c5.staticflickr.com/4/3362/3604443234_394434f702_o.jpg,https://www.flickr.com/photos/dust/3604443234,https://creativecommons.org/licenses/by/2.0/,Amanda Hatfield,https://www.flickr.com/people/dust/,"Amanda Palmer at Highline Ballroom (June 5th, 2009)"
one_person,85,8bedde41eaa5eb6d,images/one_person/one_person_085_8bedde41eaa5eb6d.jpg,1,1,landscape,mid,0.5477,0.1925,0.0835,wide,1024,768,0.0164,https://open-images-dataset.s3.amazonaws.com/validation/8bedde41eaa5eb6d.jpg,https://c6.staticflickr.com/1/77/203525593_6f64196e3d_o.jpg,https://www.flickr.com/photos/tabuchid/203525593,https://creativecommons.org/licenses/by/2.0/,dr_tabuchi,https://www.flickr.com/people/tabuchid/,DSCN0467.JPG
one_person,87,736d1973d3967036,images/one_person/multiple_people_087_736d1973d3967036.jpg,1,1,landscape,mid,0.4871,0.3457,0.1098,small_group,1024,768,0.0804,https://open-images-dataset.s3.amazonaws.com/validation/736d1973d3967036.jpg,https://farm7.staticflickr.com/7270/7512860070_cd9dc91e83_o.jpg,https://www.flickr.com/photos/zanador/7512860070,https://creativecommons.org/licenses/by/2.0/,peter,https://www.flickr.com/people/zanador/,002
one_person,88,8c4e736ef60aa3f9,images/one_person/one_person_088_8c4e736ef60aa3f9.jpg,1,1,portrait,mid,0.4781,0.3102,0.2077,close,768,1024,0.9500,https://open-images-dataset.s3.amazonaws.com/validation/8c4e736ef60aa3f9.jpg,https://c2.staticflickr.com/2/1033/820691677_84a09d1228_o.jpg,https://www.flickr.com/photos/kkendall/820691677,https://creativecommons.org/licenses/by/2.0/,K. Kendall,https://www.flickr.com/people/kkendall/,Baba Mabi
one_person,89,8d44775ffa0bbc02,images/one_person/one_person_089_8d44775ffa0bbc02.jpg,1,1,portrait,mid,0.4946,0.2357,0.1834,medium,768,1024,0.1398,https://open-images-dataset.s3.amazonaws.com/validation/8d44775ffa0bbc02.jpg,https://farm3.staticflickr.com/3114/2678215631_a294e62a12_o.jpg,https://www.flickr.com/photos/60961468@N00/2678215631,https://creativecommons.org/licenses/by/2.0/,hongtymuoi 299,https://www.flickr.com/people/60961468@N00/,SSL21201
one_person,94,96a47d935f1eb64c,images/one_person/one_person_094_96a47d935f1eb64c.jpg,1,1,landscape,dark,0.3268,0.1672,0.1797,close,1024,570,0.4770,https://open-images-dataset.s3.amazonaws.com/validation/96a47d935f1eb64c.jpg,https://c5.staticflickr.com/9/8176/7978178415_dcae430e7e_o.jpg,https://www.flickr.com/photos/3in2out/7978178415,https://creativecommons.org/licenses/by/2.0/,Mitchell Askelson,https://www.flickr.com/people/3in2out/,Chase with the S&W AR-22
one_person,100,9f9ddde0cca807dd,images/one_person/one_person_100_9f9ddde0cca807dd.jpg,1,1,landscape,mid,0.5703,0.1019,0.2424,medium,1024,769,0.2211,https://open-images-dataset.s3.amazonaws.com/validation/9f9ddde0cca807dd.jpg,https://c6.staticflickr.com/2/1280/582797577_89aa329fd7_o.jpg,https://www.flickr.com/photos/44603071@N00/582797577,https://creativecommons.org/licenses/by/2.0/,Kathy,https://www.flickr.com/people/44603071@N00/,Kirby in the pool
one_person,101,9fc6b9554a142b1a,images/one_person/one_person_101_9fc6b9554a142b1a.jpg,1,1,landscape,dark,0.2567,0.1129,0.1315,medium,1024,683,0.2308,https://open-images-dataset.s3.amazonaws.com/validation/9fc6b9554a142b1a.jpg,https://c3.staticflickr.com/2/1199/708804504_6e01b6b562_o.jpg,https://www.flickr.com/photos/ludo29/708804504,https://creativecommons.org/licenses/by/2.0/,Ludovic Péron,https://www.flickr.com/people/ludo29/,Matej Jurco
one_person,102,8724b04396736424,images/one_person/multiple_people_102_8724b04396736424.jpg,1,1,portrait,mid,0.5724,0.2139,0.1411,two_people,819,1024,0.8721,https://open-images-dataset.s3.amazonaws.com/validation/8724b04396736424.jpg,https://farm5.staticflickr.com/3954/15583258185_dbcddb68cd_o.jpg,https://www.flickr.com/photos/burnaway/15583258185,https://creativecommons.org/licenses/by/2.0/,BurnAway,https://www.flickr.com/people/burnaway/,IMG_9182.jpg
one_person,103,a0b2c05d230eea7e,images/one_person/one_person_103_a0b2c05d230eea7e.jpg,1,1,squareish,dark,0.3274,0.1192,0.2618,medium,768,768,0.2246,https://open-images-dataset.s3.amazonaws.com/validation/a0b2c05d230eea7e.jpg,https://c7.staticflickr.com/1/395/19572274242_8c5e2205dc_o.jpg,https://www.flickr.com/photos/windyjonas/19572274242,https://creativecommons.org/licenses/by/2.0/,Jonas Nordström,https://www.flickr.com/people/windyjonas/,Vissa saker blir man inte för gammal för :)
one_person,106,8cf429a0d52fdb0e,images/one_person/multiple_people_106_8cf429a0d52fdb0e.jpg,1,1,portrait,mid,0.3773,0.2178,0.1084,two_people,768,1024,0.0660,https://open-images-dataset.s3.amazonaws.com/validation/8cf429a0d52fdb0e.jpg,https://c7.staticflickr.com/4/3512/4032405238_0ebb5ce486_o.jpg,https://www.flickr.com/photos/94474582@N00/4032405238,https://creativecommons.org/licenses/by/2.0/,dsrins_syb,https://www.flickr.com/people/94474582@N00/,LDT Engineering volunteering to start the Holiday Decorating of Hackley Park
one_person,108,8fdbdebfd738f5b2,images/one_person/multiple_people_108_8fdbdebfd738f5b2.jpg,1,1,landscape,mid,0.4035,0.2449,0.3731,two_people,1024,683,0.6223,https://open-images-dataset.s3.amazonaws.com/validation/8fdbdebfd738f5b2.jpg,https://farm3.staticflickr.com/2655/4246606198_19ca23afd2_o.jpg,https://www.flickr.com/photos/yeowatzup/4246606198,https://creativecommons.org/licenses/by/2.0/,yeowatzup,https://www.flickr.com/people/yeowatzup/,"Pak Beng, Laos"
one_person,109,90202f569dba25db,images/one_person/multiple_people_109_90202f569dba25db.jpg,1,1,portrait,dark,0.2893,0.3531,0.0859,two_people,668,1024,0.9955,https://open-images-dataset.s3.amazonaws.com/validation/90202f569dba25db.jpg,https://c4.staticflickr.com/1/86/235442604_aeb9ecff0f_o.jpg,https://www.flickr.com/photos/etwood/235442604,https://creativecommons.org/licenses/by/2.0/,Evan Wood,https://www.flickr.com/people/etwood/,Self 2
one_person,109,abe727464a1283e7,images/one_person/one_person_109_abe727464a1283e7.jpg,1,1,landscape,mid,0.5249,0.3042,0.1700,wide,1024,489,0.0682,https://open-images-dataset.s3.amazonaws.com/validation/abe727464a1283e7.jpg,https://farm8.staticflickr.com/5615/15640453002_05310d1506_o.jpg,https://www.flickr.com/photos/cgiarclimate/15640453002,https://creativecommons.org/licenses/by/2.0/,"Climate Change, Agriculture and Food Security",https://www.flickr.com/people/cgiarclimate/,Climate smart agriculture in Machakos county
one_person,110,aee8640dbc1f1400,images/one_person/one_person_110_aee8640dbc1f1400.jpg,1,1,landscape,mid,0.4124,0.2037,0.1796,medium,1024,768,0.2962,https://open-images-dataset.s3.amazonaws.com/validation/aee8640dbc1f1400.jpg,https://farm1.staticflickr.com/3012/2709671490_d81d0d55b9_o.jpg,https://www.flickr.com/photos/ramella/2709671490,https://creativecommons.org/licenses/by/2.0/,Simone Ramella,https://www.flickr.com/people/ramella/,Euro 2008
one_person,112,b02f17093e0c9cb4,images/one_person/one_person_112_b02f17093e0c9cb4.jpg,1,1,portrait,mid,0.3764,0.2088,0.1959,wide,768,1024,0.0791,https://open-images-dataset.s3.amazonaws.com/validation/b02f17093e0c9cb4.jpg,https://farm5.staticflickr.com/3321/3243297409_023ff1eedc_o.jpg,https://www.flickr.com/photos/dullhunk/3243297409,https://creativecommons.org/licenses/by/2.0/,Duncan Hull,https://www.flickr.com/people/dullhunk/,Shark! @WilmaTheShark καρχαρίας
one_person,113,b1a9e116b86a9e8b,images/one_person/one_person_113_b1a9e116b86a9e8b.jpg,1,1,landscape,dark,0.1742,0.1706,0.0764,close,1024,768,0.8016,https://open-images-dataset.s3.amazonaws.com/validation/b1a9e116b86a9e8b.jpg,https://c4.staticflickr.com/4/3240/3290360486_661cc654e8_o.jpg,https://www.flickr.com/photos/arthwollipot/3290360486,https://creativecommons.org/licenses/by/2.0/,Andrew Gould,https://www.flickr.com/people/arthwollipot/,Meow
one_person,119,bca7c60844e003de,images/one_person/one_person_119_bca7c60844e003de.jpg,1,1,landscape,mid,0.5739,0.1741,0.0951,medium,1024,826,0.2686,https://open-images-dataset.s3.amazonaws.com/validation/bca7c60844e003de.jpg,https://c7.staticflickr.com/5/4008/4677692498_b0bbf89cf6_o.jpg,https://www.flickr.com/photos/larra505/4677692498,https://creativecommons.org/licenses/by/2.0/,Larra Jungle Princess,https://www.flickr.com/people/larra505/,"My 2 yr old grand niece, Balqis on a shopping spree at Ikea ;)"
one_person,120,bdb8487ccbb6d988,images/one_person/one_person_120_bdb8487ccbb6d988.jpg,1,1,portrait,mid,0.4914,0.3031,0.1629,close,768,1024,0.4579,https://open-images-dataset.s3.amazonaws.com/validation/bdb8487ccbb6d988.jpg,https://c1.staticflickr.com/4/3080/2301646532_d8c319fb6c_o.jpg,https://www.flickr.com/photos/domtom/2301646532,https://creativecommons.org/licenses/by/2.0/,e900,https://www.flickr.com/people/domtom/,Life Is Good
one_person,121,bdc691bb0da7a5cb,images/one_person/one_person_121_bdc691bb0da7a5cb.jpg,1,1,landscape,dark,0.2559,0.2405,0.0180,wide,1024,765,0.0999,https://open-images-dataset.s3.amazonaws.com/validation/bdc691bb0da7a5cb.jpg,https://c4.staticflickr.com/5/4153/5054852268_5380ec1077_o.jpg,https://www.flickr.com/photos/goincase/5054852268,https://creativecommons.org/licenses/by/2.0/,Incase,https://www.flickr.com/people/goincase/,Joan Didion
one_person,124,ac3f4e50732de3f9,images/one_person/multiple_people_124_ac3f4e50732de3f9.jpg,1,1,landscape,mid,0.4806,0.2652,0.2398,small_group,1024,680,0.1193,https://open-images-dataset.s3.amazonaws.com/validation/ac3f4e50732de3f9.jpg,https://c2.staticflickr.com/3/2441/3970502525_af0f614196_o.jpg,https://www.flickr.com/photos/demcanulty/3970502525,https://creativecommons.org/licenses/by/2.0/,Daniel McAnulty,https://www.flickr.com/people/demcanulty/,laptops for tvs
one_person,126,c2a83ce7810a2bce,images/one_person/one_person_126_c2a83ce7810a2bce.jpg,1,1,landscape,bright,0.7377,0.2713,0.0960,close,1024,768,0.5458,https://open-images-dataset.s3.amazonaws.com/validation/c2a83ce7810a2bce.jpg,https://c7.staticflickr.com/3/2571/13144786593_bdc226f91a_o.jpg,https://www.flickr.com/photos/inggroup/13144786593,https://creativecommons.org/licenses/by/2.0/,ING Group,https://www.flickr.com/people/inggroup/,Jeroen van der Veer
one_person,127,c5b4afa952516c3a,images/one_person/one_person_127_c5b4afa952516c3a.jpg,1,1,portrait,mid,0.4379,0.2247,0.5523,close,684,1024,0.9867,https://open-images-dataset.s3.amazonaws.com/validation/c5b4afa952516c3a.jpg,https://c3.staticflickr.com/8/7539/15325685363_0f9b4e16cf_o.jpg,https://www.flickr.com/photos/dvanphotography/15325685363,https://creativecommons.org/licenses/by/2.0/,Daniel Van Benthuysen,https://www.flickr.com/people/dvanphotography/,DSC_2760
one_person,128,c7bf2a1de32f3536,images/one_person/one_person_128_c7bf2a1de32f3536.jpg,1,1,portrait,mid,0.4168,0.2596,0.3517,close,469,1024,0.6882,https://open-images-dataset.s3.amazonaws.com/validation/c7bf2a1de32f3536.jpg,https://farm7.staticflickr.com/8575/16590852481_a4a88a3ae8_o.jpg,https://www.flickr.com/photos/msemilytv/16590852481,https://creativecommons.org/licenses/by/2.0/,emily_sheldon,https://www.flickr.com/people/msemilytv/,Another of that red polka dot dress
one_person,132,cdb2eb44978f5796,images/one_person/one_person_132_cdb2eb44978f5796.jpg,1,1,landscape,mid,0.4542,0.2382,0.2288,medium,1024,682,0.2921,https://open-images-dataset.s3.amazonaws.com/validation/cdb2eb44978f5796.jpg,https://farm7.staticflickr.com/2622/4024455139_3190dce196_o.jpg,https://www.flickr.com/photos/tomlambert/4024455139/,https://creativecommons.org/licenses/by/2.0/,Tom Lambert,https://www.flickr.com/people/tomlambert/,Back Extensions with Light Weight
one_person,135,d00e6b4237dc5111,images/one_person/one_person_135_d00e6b4237dc5111.jpg,1,1,landscape,mid,0.4111,0.2629,0.2220,medium,1024,768,0.3876,https://open-images-dataset.s3.amazonaws.com/validation/d00e6b4237dc5111.jpg,https://farm2.staticflickr.com/8389/8643318421_37a0e18c7e_o.jpg,https://www.flickr.com/photos/usfwspacific/8643318421,https://creativecommons.org/licenses/by/2.0/,USFWS - Pacific Region,https://www.flickr.com/people/usfwspacific/,Preparation
one_person,137,d6af02eed3f028d9,images/one_person/one_person_137_d6af02eed3f028d9.jpg,1,1,portrait,mid,0.4432,0.1811,0.2724,close,683,1024,1.0000,https://open-images-dataset.s3.amazonaws.com/validation/d6af02eed3f028d9.jpg,https://c2.staticflickr.com/9/8384/8633277370_b459afddaf_o.jpg,https://www.flickr.com/photos/locodelospitus/8633277370,https://creativecommons.org/licenses/by/2.0/,Victor Rivera,https://www.flickr.com/people/locodelospitus/,Tipizal chinese
one_person,138,d7d469cb4c7e8cd2,images/one_person/one_person_138_d7d469cb4c7e8cd2.jpg,1,1,landscape,mid,0.4231,0.2572,0.2573,close,1024,768,0.4443,https://open-images-dataset.s3.amazonaws.com/validation/d7d469cb4c7e8cd2.jpg,https://farm3.staticflickr.com/6049/6224593517_71452ceb2e_o.jpg,https://www.flickr.com/photos/celesteh/6224593517,https://creativecommons.org/licenses/by/2.0/,Charles Hutchins,https://www.flickr.com/people/celesteh/,Hot tubbin
one_person,142,d5f08b8d5ed6055f,images/one_person/multiple_people_142_d5f08b8d5ed6055f.jpg,1,1,landscape,bright,0.7986,0.2368,0.1544,small_group,1024,544,0.6466,https://open-images-dataset.s3.amazonaws.com/validation/d5f08b8d5ed6055f.jpg,https://c8.staticflickr.com/6/5150/5838114135_fef782b195_o.jpg,https://www.flickr.com/photos/21160499@N04/5838114135,https://creativecommons.org/licenses/by/2.0/,Justin Vidamo,https://www.flickr.com/people/21160499@N04/,Arley Elizabeth 1
one_person,145,e2acbd8c12093e9d,images/one_person/one_person_145_e2acbd8c12093e9d.jpg,1,1,portrait,mid,0.5201,0.1926,0.0532,wide,768,1024,0.1068,https://open-images-dataset.s3.amazonaws.com/validation/e2acbd8c12093e9d.jpg,https://c6.staticflickr.com/3/2291/2067249645_081c3e2ae7_o.jpg,https://www.flickr.com/photos/benklocek/2067249645,https://creativecommons.org/licenses/by/2.0/,ben klocek,https://www.flickr.com/people/benklocek/,"Tiny, tiny"
one_person,148,e82991236aafa314,images/one_person/one_person_148_e82991236aafa314.jpg,1,1,landscape,mid,0.6078,0.2572,0.1209,medium,1024,680,0.4095,https://open-images-dataset.s3.amazonaws.com/validation/e82991236aafa314.jpg,https://farm5.staticflickr.com/3426/3205058655_57d4b91715_o.jpg,https://www.flickr.com/photos/isafmedia/3205058655,https://creativecommons.org/licenses/by/2.0/,ResoluteSupportMedia,https://www.flickr.com/people/isafmedia/,0901115-M-6058R-005
one_person,149,e9114065de005073,images/one_person/one_person_149_e9114065de005073.jpg,1,1,landscape,mid,0.4505,0.1606,0.0738,medium,1024,683,0.3308,https://open-images-dataset.s3.amazonaws.com/validation/e9114065de005073.jpg,https://farm4.staticflickr.com/7102/7214345898_8e7c1e0dfd_o.jpg,https://www.flickr.com/photos/xverges/7214345898,https://creativecommons.org/licenses/by/2.0/,Xavier Vergés,https://www.flickr.com/people/xverges/,Practice Creativity Techniques
one_person,152,f0f3cbd5ccd82bd8,images/one_person/one_person_152_f0f3cbd5ccd82bd8.jpg,1,1,portrait,mid,0.5377,0.2289,0.1313,wide,768,1024,0.0164,https://open-images-dataset.s3.amazonaws.com/validation/f0f3cbd5ccd82bd8.jpg,https://c1.staticflickr.com/7/6233/6316517849_d7c77e6fb5_o.jpg,https://www.flickr.com/photos/coolinsights/6316517849,https://creativecommons.org/licenses/by/2.0/,Walter Lim,https://www.flickr.com/people/coolinsights/,Singapore Science Centre - Visitor Experience
one_person,153,f15a6e4c696003f7,images/one_person/one_person_153_f15a6e4c696003f7.jpg,1,1,landscape,mid,0.4181,0.1714,0.0960,medium,1024,768,0.1781,https://open-images-dataset.s3.amazonaws.com/validation/f15a6e4c696003f7.jpg,https://farm8.staticflickr.com/1118/526335505_006d661ffa_o.jpg,https://www.flickr.com/photos/justin/526335505,https://creativecommons.org/licenses/by/2.0/,Justin Hall,https://www.flickr.com/people/justin/,Kim riding her motorcycle with Skippy strapped in
one_person,156,f316ac84e7a1dd74,images/one_person/one_person_156_f316ac84e7a1dd74.jpg,1,1,landscape,bright,0.7678,0.3104,0.2548,close,1024,652,0.7755,https://open-images-dataset.s3.amazonaws.com/validation/f316ac84e7a1dd74.jpg,https://farm5.staticflickr.com/3336/3577639503_bbcd20f45d_o.jpg,https://www.flickr.com/photos/lingdezign/3577639503,https://creativecommons.org/licenses/by/2.0/,Ling Manh Nguyen Tran,https://www.flickr.com/people/lingdezign/,MR.THANH LOC THANH LOC FOR SPASH_1550
one_person,157,f611f9b29d856a6a,images/one_person/one_person_157_f611f9b29d856a6a.jpg,1,1,landscape,mid,0.5630,0.1466,0.1706,close,1024,768,0.4661,https://open-images-dataset.s3.amazonaws.com/validation/f611f9b29d856a6a.jpg,https://c3.staticflickr.com/6/5517/12371968163_384dbe54e8_o.jpg,https://www.flickr.com/photos/usoceangov/12371968163,https://creativecommons.org/licenses/by/2.0/,NOAA&#x27;s National Ocean Service,https://www.flickr.com/people/usoceangov/,Tide Station Leveling
one_person,158,e44ad1342907539a,images/one_person/multiple_people_158_e44ad1342907539a.jpg,1,1,portrait,mid,0.4546,0.2196,0.2218,two_people,768,1024,0.7686,https://open-images-dataset.s3.amazonaws.com/validation/e44ad1342907539a.jpg,https://c3.staticflickr.com/1/104/313659954_4d42bc7ce9_o.jpg,https://www.flickr.com/photos/scottm/313659954,https://creativecommons.org/licenses/by/2.0/,Scott Moore,https://www.flickr.com/people/scottm/,Saint Nikolaus says you've been bad
one_person,158,f822704227fcfc5d,images/one_person/one_person_158_f822704227fcfc5d.jpg,1,1,landscape,mid,0.3563,0.1546,0.0648,wide,1024,640,0.0604,https://open-images-dataset.s3.amazonaws.com/validation/f822704227fcfc5d.jpg,https://c6.staticflickr.com/6/5028/5773731147_78e595701b_o.jpg,https://www.flickr.com/photos/nagarjun/5773731147,https://creativecommons.org/licenses/by/2.0/,Nagarjun Kandukuru,https://www.flickr.com/people/nagarjun/,Takshila tired from holding up the butterball
one_person,159,f856eeb4589e190f,images/one_person/one_person_159_f856eeb4589e190f.jpg,1,1,landscape,bright,0.8636,0.1786,0.2050,close,1024,772,0.7020,https://open-images-dataset.s3.amazonaws.com/validation/f856eeb4589e190f.jpg,https://c8.staticflickr.com/8/7324/11365891484_16ed13e7df_o.jpg,https://www.flickr.com/photos/dielis/11365891484,https://creativecommons.org/licenses/by/2.0/,Jos Dielis,https://www.flickr.com/people/dielis/,Eindhoven Trofee
one_person,162,f3b448a161d841aa,images/one_person/multiple_people_162_f3b448a161d841aa.jpg,1,1,portrait,dark,0.3119,0.2533,0.0710,two_people,602,1024,0.5676,https://open-images-dataset.s3.amazonaws.com/validation/f3b448a161d841aa.jpg,https://c3.staticflickr.com/1/518/19080226936_090cd460bf_o.jpg,https://www.flickr.com/photos/glennwilliamspdx/19080226936,https://creativecommons.org/licenses/by/2.0/,Glenn Scofield Williams,https://www.flickr.com/people/glennwilliamspdx/,fa67
one_person,162,fb0224876c9a0168,images/one_person/one_person_162_fb0224876c9a0168.jpg,1,1,landscape,dark,0.0951,0.1005,0.1525,medium,1024,683,0.3170,https://open-images-dataset.s3.amazonaws.com/validation/fb0224876c9a0168.jpg,https://c1.staticflickr.com/8/7410/9305452135_86050859d8_o.jpg,https://www.flickr.com/photos/bholl7510/9305452135,https://creativecommons.org/licenses/by/2.0/,Brian Holland,https://www.flickr.com/people/bholl7510/,Busch Gardens Williamsburg - Entwined
one_person,163,fb29c5094d86fe95,images/one_person/one_person_163_fb29c5094d86fe95.jpg,1,1,landscape,mid,0.5567,0.2192,0.1473,close,1024,768,1.0000,https://open-images-dataset.s3.amazonaws.com/validation/fb29c5094d86fe95.jpg,https://farm6.staticflickr.com/2125/1556029405_7375fd2f74_o.jpg,https://www.flickr.com/photos/nickdotreid/1556029405,https://creativecommons.org/licenses/by/2.0/,Nick Reid,https://www.flickr.com/people/nickdotreid/,"ZoneTag Photo Friday 4:54 pm 10/12/07 Berkeley, California"
one_person,165,fb606f3170d6e48e,images/one_person/one_person_165_fb606f3170d6e48e.jpg,1,1,landscape,mid,0.5608,0.2894,0.1188,wide,1024,768,0.0438,https://open-images-dataset.s3.amazonaws.com/validation/fb606f3170d6e48e.jpg,https://c7.staticflickr.com/9/8724/16334528614_15d1fc5578_o.jpg,https://www.flickr.com/photos/cityrunningtourschicago/16334528614,https://creativecommons.org/licenses/by/2.0/,Marlin Keesler,https://www.flickr.com/people/cityrunningtourschicago/,Chicago’s iconic “L” train.
one_person,166,fc7f2e6df99fd71f,images/one_person/one_person_166_fc7f2e6df99fd71f.jpg,1,1,portrait,mid,0.6210,0.2146,0.1178,close,577,1024,0.5042,https://open-images-dataset.s3.amazonaws.com/validation/fc7f2e6df99fd71f.jpg,https://c8.staticflickr.com/8/7235/6945926310_b5d35410fe_o.jpg,https://www.flickr.com/photos/clsung/6945926310,https://creativecommons.org/licenses/by/2.0/,Alan Sung,https://www.flickr.com/people/clsung/,The BIG Issue 25
one_person,167,fca212e89c814412,images/one_person/one_person_167_fca212e89c814412.jpg,1,1,landscape,mid,0.4834,0.1632,0.3065,medium,1024,683,0.3055,https://open-images-dataset.s3.amazonaws.com/validation/fca212e89c814412.jpg,https://farm3.staticflickr.com/8236/8351058797_0938f7849d_o.jpg,https://www.flickr.com/photos/cmjcool/8351058797,https://creativecommons.org/licenses/by/2.0/,Chris  Jackson,https://www.flickr.com/people/cmjcool/,Jon & Yana-17
one_person,168,140d247f79fc0516,images/one_person/one_person_168_140d247f79fc0516.jpg,1,1,landscape,mid,0.4796,0.2526,0.1607,wide,1024,829,0.0854,https://open-images-dataset.s3.amazonaws.com/validation/140d247f79fc0516.jpg,https://farm7.staticflickr.com/3246/2618721590_85e5e52f9b_o.jpg,https://www.flickr.com/photos/radical_librarian/2618721590,https://creativecommons.org/licenses/by/2.0/,radical.librarian,https://www.flickr.com/people/radical_librarian/,Little Me
one_person,169,226f45719bfa23b3,images/one_person/one_person_169_226f45719bfa23b3.jpg,1,1,portrait,mid,0.6297,0.2621,0.1056,close,768,1024,0.5782,https://open-images-dataset.s3.amazonaws.com/validation/226f45719bfa23b3.jpg,https://farm4.staticflickr.com/50/129869769_1f3be3ea12_o.jpg,https://www.flickr.com/photos/shanntastic/129869769,https://creativecommons.org/licenses/by/2.0/,Shannon,https://www.flickr.com/people/shanntastic/,"YA, MFers!"
one_person,170,227b9ef81a3fa85b,images/one_person/one_person_170_227b9ef81a3fa85b.jpg,1,1,squareish,dark,0.3371,0.1347,0.2262,close,1024,1024,0.6690,https://open-images-dataset.s3.amazonaws.com/validation/227b9ef81a3fa85b.jpg,https://c4.staticflickr.com/4/3733/10988152464_4d67f93d00_o.jpg,https://www.flickr.com/photos/25916400@N07/10988152464,https://creativecommons.org/licenses/by/2.0/,Mark McGuire,https://www.flickr.com/people/25916400@N07/,Dan Wagner: &quot;In search of the Perfect Collaborative Recipe: Using Online Tools to Facilitate International Mobile Moviemaking&quot; @ #MINA2013
one_person,171,232299e70b9fe949,images/one_person/one_person_171_232299e70b9fe949.jpg,1,1,portrait,mid,0.6289,0.2292,0.3177,close,683,1024,0.5786,https://open-images-dataset.s3.amazonaws.com/validation/232299e70b9fe949.jpg,https://c2.staticflickr.com/4/3364/3453990697_602c714038_o.jpg,https://www.flickr.com/photos/steven_smith/3453990697,https://creativecommons.org/licenses/by/2.0/,Steven Smith,https://www.flickr.com/people/steven_smith/,Loooooou
one_person,172,273d76c3c5029109,images/one_person/one_person_172_273d76c3c5029109.jpg,1,1,portrait,mid,0.3551,0.2229,0.2124,close,768,1024,0.5127,https://open-images-dataset.s3.amazonaws.com/validation/273d76c3c5029109.jpg,https://c2.staticflickr.com/4/3119/2502958863_7ffb3852be_o.jpg,https://www.flickr.com/photos/monkeyatlarge/2502958863,https://creativecommons.org/licenses/by/2.0/,James,https://www.flickr.com/people/monkeyatlarge/,Fancy extra sleeves
one_person,173,2acd790522ad524f,images/one_person/one_person_173_2acd790522ad524f.jpg,1,1,landscape,mid,0.5034,0.2935,0.1566,close,1024,683,0.5107,https://open-images-dataset.s3.amazonaws.com/validation/2acd790522ad524f.jpg,https://c8.staticflickr.com/1/34/70892997_b9af7035d7_o.jpg,https://www.flickr.com/photos/kengz/70892997,https://creativecommons.org/licenses/by/2.0/,Keng Susumpow,https://www.flickr.com/people/kengz/,Steve Jobs at Stanford
one_person,174,2de105d7caa39f21,images/one_person/one_person_174_2de105d7caa39f21.jpg,1,1,squareish,mid,0.6497,0.2649,0.1686,close,1024,961,0.9419,https://open-images-dataset.s3.amazonaws.com/validation/2de105d7caa39f21.jpg,https://farm2.staticflickr.com/7274/7831945578_d8c50de8b1_o.jpg,https://www.flickr.com/photos/dohastadiumplusqatar/7831945578,https://creativecommons.org/licenses/by/2.0/,Doha Stadium Plus Qatar,https://www.flickr.com/people/dohastadiumplusqatar/,Nasser Saleh Al Attiyah
one_person,175,2ec4d02dee94565a,images/one_person/one_person_175_2ec4d02dee94565a.jpg,1,1,landscape,mid,0.5532,0.2145,0.0919,close,1024,678,0.5791,https://open-images-dataset.s3.amazonaws.com/validation/2ec4d02dee94565a.jpg,https://c3.staticflickr.com/9/8245/8576092028_b775acc1eb_o.jpg,https://www.flickr.com/photos/88158121@N00/8576092028,https://creativecommons.org/licenses/by/2.0/,Louisiana Sea Grant College Program Louisiana State University,https://www.flickr.com/people/88158121@N00/,"Crab Trap Rodeo 03.09.2013 Hopedale, La 063"
one_person,176,3264cb227a07af3f,images/one_person/one_person_176_3264cb227a07af3f.jpg,1,1,landscape,mid,0.4322,0.1628,0.1768,close,1024,768,0.4559,https://open-images-dataset.s3.amazonaws.com/validation/3264cb227a07af3f.jpg,https://c8.staticflickr.com/1/69/201372859_d68297536f_o.jpg,https://www.flickr.com/photos/greggoconnell/201372859,https://creativecommons.org/licenses/by/2.0/,Gregg O&#x27;Connell,https://www.flickr.com/people/greggoconnell/,Sex and The Longboard
one_person,177,34b65dafe328d39e,images/one_person/one_person_177_34b65dafe328d39e.jpg,1,1,landscape,mid,0.4227,0.2618,0.1394,medium,1024,768,0.1507,https://open-images-dataset.s3.amazonaws.com/validation/34b65dafe328d39e.jpg,https://c7.staticflickr.com/2/1440/617831384_26f7e709e0_o.jpg,https://www.flickr.com/photos/kjarrett/617831384,https://creativecommons.org/licenses/by/2.0/,Kevin Jarrett,https://www.flickr.com/people/kjarrett/,SD530972
one_person,178,383ffb16d582355d,images/one_person/one_person_178_383ffb16d582355d.jpg,1,1,landscape,mid,0.4146,0.2834,0.1700,close,1024,686,0.4620,https://open-images-dataset.s3.amazonaws.com/validation/383ffb16d582355d.jpg,https://c6.staticflickr.com/4/3373/3521279282_65891e9882_o.jpg,https://www.flickr.com/photos/orcmid/3521279282,https://creativecommons.org/licenses/by/2.0/,Dennis Hamilton,https://www.flickr.com/people/orcmid/,2009-04-23 Sharing Toys
one_person,179,3db67d769a59e5e1,images/one_person/one_person_179_3db67d769a59e5e1.jpg,1,1,portrait,dark,0.3270,0.2488,0.1074,close,755,1024,0.9368,https://open-images-dataset.s3.amazonaws.com/validation/3db67d769a59e5e1.jpg,https://farm2.staticflickr.com/7081/7160727410_c25751ccb6_o.jpg,https://www.flickr.com/photos/ikoka/7160727410,https://creativecommons.org/licenses/by/2.0/,koka_sexton,https://www.flickr.com/people/ikoka/,Ya.. This guy is totally legit. Master Gunnery Sergeant of the United Navy of America
one_person,180,479f1a1514ed0ffd,images/one_person/one_person_180_479f1a1514ed0ffd.jpg,1,1,portrait,mid,0.4061,0.2785,0.1358,close,683,1024,0.3878,https://open-images-dataset.s3.amazonaws.com/validation/479f1a1514ed0ffd.jpg,https://c6.staticflickr.com/6/5476/14225456354_546239da8e_o.jpg,https://www.flickr.com/photos/marielouiseheroux/14225456354,https://creativecommons.org/licenses/by/2.0/,Marie Louise Héroux,https://www.flickr.com/people/marielouiseheroux/,John Dodge and his sousaphone
one_person,182,6b92c8ef9fc245ce,images/one_person/one_person_182_6b92c8ef9fc245ce.jpg,1,1,portrait,bright,0.7162,0.1842,0.1120,close,683,1024,0.4385,https://open-images-dataset.s3.amazonaws.com/validation/6b92c8ef9fc245ce.jpg,https://c7.staticflickr.com/1/586/20752851082_dc7e7350af_o.jpg,https://www.flickr.com/photos/dfid/20752851082,https://creativecommons.org/licenses/by/2.0/,DFID - UK Department for International Development,https://www.flickr.com/people/dfid/,Sima - finding health and happiness
one_person,183,92d4efcf4cd1bb99,images/one_person/one_person_183_92d4efcf4cd1bb99.jpg,1,1,landscape,mid,0.4922,0.1816,0.2062,close,1024,770,1.0000,https://open-images-dataset.s3.amazonaws.com/validation/92d4efcf4cd1bb99.jpg,https://c2.staticflickr.com/8/7383/13967221329_21a6b4435f_o.jpg,https://www.flickr.com/photos/bnsd/13967221329,https://creativecommons.org/licenses/by/2.0/,Bengt Nyman,https://www.flickr.com/people/bnsd/,IMG_8852
one_person,184,a2cfa4d77d36e616,images/one_person/one_person_184_a2cfa4d77d36e616.jpg,1,1,landscape,mid,0.4756,0.2582,0.1130,close,1024,683,0.6215,https://open-images-dataset.s3.amazonaws.com/validation/a2cfa4d77d36e616.jpg,https://farm7.staticflickr.com/5254/5459936916_a0cb8318d2_o.jpg,https://www.flickr.com/photos/thealy/5459936916,https://creativecommons.org/licenses/by/2.0/,alyssalaurel,https://www.flickr.com/people/thealy/,IMG_9296
one_person,185,e134ed15aae9c4ae,images/one_person/one_person_185_e134ed15aae9c4ae.jpg,1,1,landscape,mid,0.4555,0.2726,0.1782,close,1024,768,0.6519,https://open-images-dataset.s3.amazonaws.com/validation/e134ed15aae9c4ae.jpg,https://c7.staticflickr.com/5/4033/4487967024_b52b627bbb_o.jpg,https://www.flickr.com/photos/naritheole/4487967024,https://creativecommons.org/licenses/by/2.0/,Narith5,https://www.flickr.com/people/naritheole/,IMG_6189
one_person,186,fd58b64041a396df,images/one_person/one_person_186_fd58b64041a396df.jpg,1,1,landscape,mid,0.5168,0.2145,0.1730,medium,1024,768,0.1484,https://open-images-dataset.s3.amazonaws.com/validation/fd58b64041a396df.jpg,https://c8.staticflickr.com/8/7459/16353450201_0154b79ab4_o.jpg,https://www.flickr.com/photos/22738816@N07/16353450201,https://creativecommons.org/licenses/by/2.0/,Doug Coldwell,https://www.flickr.com/people/22738816@N07/,2004 Mackinaw City 08
one_person,187,c79a52622d1083ce,images/one_person/one_person_audit_001_c79a52622d1083ce.jpg,1,1,landscape,mid,0.4056,0.3980,0.0970,medium,1024,683,0.3486,https://open-images-dataset.s3.amazonaws.com/validation/c79a52622d1083ce.jpg,https://c7.staticflickr.com/4/3281/2950094332_6693cf9435_o.jpg,https://www.flickr.com/photos/frammenti/2950094332,https://creativecommons.org/licenses/by/2.0/,Andrea Tornabene,https://www.flickr.com/people/frammenti/,dreaming...
one_person,188,a5cda01d6f90e438,images/one_person/one_person_audit_002_a5cda01d6f90e438.jpg,1,1,landscape,mid,0.4967,0.2507,0.0586,wide,1024,768,0.0218,https://open-images-dataset.s3.amazonaws.com/validation/a5cda01d6f90e438.jpg,https://c1.staticflickr.com/4/3719/13219986955_efe3a7c883_o.jpg,https://www.flickr.com/photos/magnus_jo/13219986955,https://creativecommons.org/licenses/by/2.0/,Magnus Johansson,https://www.flickr.com/people/magnus_jo/,P1130088
one_person,189,1313a4add388424c,images/one_person/one_person_audit_003_1313a4add388424c.jpg,1,1,landscape,mid,0.5228,0.2660,0.1280,medium,1024,683,0.1216,https://open-images-dataset.s3.amazonaws.com/validation/1313a4add388424c.jpg,https://c5.staticflickr.com/9/8528/8625811539_76a7948b11_o.jpg,http://www.flickr.com/photos/wwworks/8625811539/,https://creativecommons.org/licenses/by/2.0/,woodleywonderworks,https://www.flickr.com/people/wwworks/,farm go cart
one_person,190,90587cd2a48e96d9,images/one_person/one_person_audit_004_90587cd2a48e96d9.jpg,1,1,landscape,mid,0.4779,0.2411,0.0936,medium,1024,768,0.2924,https://open-images-dataset.s3.amazonaws.com/validation/90587cd2a48e96d9.jpg,https://c2.staticflickr.com/4/3191/2605883364_fd849af7c4_o.jpg,https://www.flickr.com/photos/2bleg/2605883364,https://creativecommons.org/licenses/by/2.0/,R I O M A N S O,https://www.flickr.com/people/2bleg/,SALMO TRUTTA (M) 8 KGR
one_person,191,85ab9bd71a069616,images/one_person/one_person_audit_005_85ab9bd71a069616.jpg,1,1,landscape,mid,0.3932,0.1686,0.1410,wide,1024,662,0.0929,https://open-images-dataset.s3.amazonaws.com/validation/85ab9bd71a069616.jpg,https://farm7.staticflickr.com/40/87070867_b4a478ef59_o.jpg,https://www.flickr.com/photos/miran/87070867,https://creativecommons.org/licenses/by/2.0/,Miran  Rijavec,https://www.flickr.com/people/miran/,India 1997 Meditation Camp Bhagaan Haryana 17
one_person,192,45a57476bc5ff4a8,images/one_person/one_person_audit_006_45a57476bc5ff4a8.jpg,1,1,landscape,mid,0.5079,0.2016,0.1579,medium,1024,678,0.1601,https://open-images-dataset.s3.amazonaws.com/validation/45a57476bc5ff4a8.jpg,https://c1.staticflickr.com/3/2806/12568197383_3a8db653bb_o.jpg,https://www.flickr.com/photos/yahl/12568197383/,https://creativecommons.org/licenses/by/2.0/,Keith Yahl,https://www.flickr.com/people/yahl/,Engle
one_person,193,4445677443b3aa6f,images/one_person/one_person_audit_007_4445677443b3aa6f.jpg,1,1,landscape,mid,0.3876,0.1271,0.1861,medium,1024,683,0.1742,https://open-images-dataset.s3.amazonaws.com/validation/4445677443b3aa6f.jpg,https://c8.staticflickr.com/8/7175/6779771359_9bd51c5099_o.jpg,https://www.flickr.com/photos/courtbean/6779771359,https://creativecommons.org/licenses/by/2.0/,Courtney Boyd Myers,https://www.flickr.com/people/courtbean/,Spotify Platform Launch Event
one_person,194,3da013e3a4a6ff71,images/one_person/one_person_audit_008_3da013e3a4a6ff71.jpg,1,1,portrait,mid,0.5782,0.2170,0.1116,medium,598,1024,0.3168,https://open-images-dataset.s3.amazonaws.com/validation/3da013e3a4a6ff71.jpg,https://farm2.staticflickr.com/17/21327530_c51b234837_o.jpg,https://www.flickr.com/photos/njg234908/21327530,https://creativecommons.org/licenses/by/2.0/,Nic Gould,https://www.flickr.com/people/njg234908/,PhillFlying
one_person,195,c49e5114a349e7f3,images/one_person/one_person_audit_009_c49e5114a349e7f3.jpg,1,1,landscape,mid,0.5071,0.1772,0.0665,close,1024,678,0.3756,https://open-images-dataset.s3.amazonaws.com/validation/c49e5114a349e7f3.jpg,https://farm4.staticflickr.com/7355/9351359748_f5bde66bfc_o.jpg,https://www.flickr.com/photos/inrime_nasrul/9351359748,https://creativecommons.org/licenses/by/2.0/,nasrul ekram,https://www.flickr.com/people/inrime_nasrul/,DSC_3433
one_person,196,4d60d1c103e49fa4,images/one_person/one_person_audit_010_4d60d1c103e49fa4.jpg,1,1,portrait,mid,0.5270,0.1914,0.1420,medium,680,1024,0.3109,https://open-images-dataset.s3.amazonaws.com/validation/4d60d1c103e49fa4.jpg,https://farm5.staticflickr.com/7268/7728229992_a94f24ef77_o.jpg,https://www.flickr.com/photos/munimiraflores/7728229992,https://creativecommons.org/licenses/by/2.0/,Municipalidad de Miraflores,https://www.flickr.com/people/munimiraflores/,Campeonato de bicicross (6)
one_person,197,a670c7bde1b25fbe,images/one_person/one_person_audit_011_a670c7bde1b25fbe.jpg,1,1,portrait,mid,0.3878,0.2220,0.1324,medium,768,1024,0.1391,https://open-images-dataset.s3.amazonaws.com/validation/a670c7bde1b25fbe.jpg,https://c7.staticflickr.com/3/2195/3541704123_538634fe7f_o.jpg,https://www.flickr.com/photos/photowu/3541704123,https://creativecommons.org/licenses/by/2.0/,The Wu&#x27;s Photo Land,https://www.flickr.com/people/photowu/,sam streaking
one_person,198,229e5a503233b470,images/one_person/one_person_audit_012_229e5a503233b470.jpg,1,1,landscape,mid,0.6766,0.2327,0.1998,medium,1024,685,0.3451,https://open-images-dataset.s3.amazonaws.com/validation/229e5a503233b470.jpg,https://farm1.staticflickr.com/2790/5833448048_02d1ae42d3_o.jpg,https://www.flickr.com/photos/63640050@N08/5833448048,https://creativecommons.org/licenses/by/2.0/,SebStanbury,https://www.flickr.com/people/63640050@N08/,Islands træner ærgrer sig over et annulleret mål
one_person,199,6c9c687eae7da796,images/one_person/one_person_audit_013_6c9c687eae7da796.jpg,1,1,landscape,bright,0.7286,0.2322,0.1662,close,1024,675,0.5415,https://open-images-dataset.s3.amazonaws.com/validation/6c9c687eae7da796.jpg,https://farm7.staticflickr.com/8072/8265227625_3eda4d75e5_o.jpg,https://www.flickr.com/photos/sillysocks/8265227625,https://creativecommons.org/licenses/by/2.0/,Barbara Ann Spengler,https://www.flickr.com/people/sillysocks/,West Germany   -   Crailsheim   -   Horseshoe   -   Jessica making her Snow Angel   -   28 January 1979
one_person,200,c54d4b664c668468,images/one_person/one_person_audit_014_c54d4b664c668468.jpg,1,1,squareish,mid,0.6092,0.2784,0.1820,close,1024,1024,0.5400,https://open-images-dataset.s3.amazonaws.com/validation/c54d4b664c668468.jpg,https://c1.staticflickr.com/9/8110/8514093790_81333e32e0_o.jpg,https://www.flickr.com/photos/dielis/8514093790,https://creativecommons.org/licenses/by/2.0/,Jos Dielis,https://www.flickr.com/people/dielis/,All winners!
one_person,201,e73194258b729245,images/one_person/one_person_audit_015_e73194258b729245.jpg,1,1,squareish,mid,0.3990,0.2197,0.1083,wide,1024,1024,0.0537,https://open-images-dataset.s3.amazonaws.com/validation/e73194258b729245.jpg,https://farm6.staticflickr.com/7546/15748771647_68a08b71c8_o.jpg,https://www.flickr.com/photos/bjvs/15748771647,https://creativecommons.org/licenses/by/2.0/,Benjamin Vander Steen,https://www.flickr.com/people/bjvs/,591247717438763493_2214824320141203-29660-4oc315
one_person,202,822f20d881eebeb9,images/one_person/one_person_audit_016_822f20d881eebeb9.jpg,1,1,landscape,mid,0.4830,0.2643,0.2020,medium,1024,768,0.1302,https://open-images-dataset.s3.amazonaws.com/validation/822f20d881eebeb9.jpg,https://c2.staticflickr.com/4/3694/12218856573_7a7bc119ce_o.jpg,https://www.flickr.com/photos/lwpkommunikacio/12218856573,https://creativecommons.org/licenses/by/2.0/,Lwp Kommunikáció,https://www.flickr.com/people/lwpkommunikacio/,Honey Boo Boo színre lép (3. évad)
one_person,203,cb9f5591bdbcc137,images/one_person/one_person_audit_017_cb9f5591bdbcc137.jpg,1,1,portrait,dark,0.0996,0.1202,0.0488,close,712,1024,0.8569,https://open-images-dataset.s3.amazonaws.com/validation/cb9f5591bdbcc137.jpg,https://farm8.staticflickr.com/5291/5388215830_3b5af741b4_o.jpg,https://www.flickr.com/photos/unitedstatesnavalacademy/5388215830,https://creativecommons.org/licenses/by/2.0/,United States Naval Academy Photo Archive,https://www.flickr.com/people/unitedstatesnavalacademy/,DSC_2845
one_person,204,6ea661a84d5320b5,images/one_person/one_person_audit_018_6ea661a84d5320b5.jpg,1,1,landscape,mid,0.6556,0.2678,0.1822,wide,1024,613,0.0715,https://open-images-dataset.s3.amazonaws.com/validation/6ea661a84d5320b5.jpg,https://farm6.staticflickr.com/5065/5580359700_f4a860a555_o.jpg,https://www.flickr.com/photos/bruceclay/5580359700,https://creativecommons.org/licenses/by/2.0/,"Bruce Clay, Inc",https://www.flickr.com/people/bruceclay/,Seacrest Pygmy Marmoset
one_person,205,b5e808fd6164cd50,images/one_person/one_person_audit_019_b5e808fd6164cd50.jpg,1,1,landscape,mid,0.4281,0.1503,0.1896,medium,1024,768,0.3268,https://open-images-dataset.s3.amazonaws.com/validation/b5e808fd6164cd50.jpg,https://farm1.staticflickr.com/2712/4181115999_ef10256c14_o.jpg,https://www.flickr.com/photos/eyeliam/4181115999,https://creativecommons.org/licenses/by/2.0/,Jason Lander,https://www.flickr.com/people/eyeliam/,365-Happy Birthday!
one_person,206,9509c75655318762,images/one_person/one_person_audit_020_9509c75655318762.jpg,1,1,landscape,mid,0.4086,0.2354,0.1831,close,1024,768,0.3988,https://open-images-dataset.s3.amazonaws.com/validation/9509c75655318762.jpg,https://farm3.staticflickr.com/2871/11868539174_db129c7274_o.jpg,https://www.flickr.com/photos/mapkyca/11868539174,https://creativecommons.org/licenses/by/2.0/,Marcus Povey,https://www.flickr.com/people/mapkyca/,Pork knees
one_person,207,901494c5d3ac911f,images/one_person/one_person_audit_021_901494c5d3ac911f.jpg,1,1,squareish,dark,0.3398,0.2427,0.0000,close,768,768,0.9308,https://open-images-dataset.s3.amazonaws.com/validation/901494c5d3ac911f.jpg,https://c8.staticflickr.com/9/8366/8516447438_397ccdea97_o.jpg,https://www.flickr.com/photos/sobermusings/8516447438,https://creativecommons.org/licenses/by/2.0/,Carlo Villarica,https://www.flickr.com/people/sobermusings/,lady guitarist
one_person,208,ffe36e4c06a8add6,images/one_person/one_person_audit_022_ffe36e4c06a8add6.jpg,1,1,portrait,mid,0.3979,0.2047,0.0769,close,769,1024,0.9215,https://open-images-dataset.s3.amazonaws.com/validation/ffe36e4c06a8add6.jpg,https://farm7.staticflickr.com/7038/6853071007_467984f949_o.jpg,https://www.flickr.com/photos/nyayahealth/6853071007,https://creativecommons.org/licenses/by/2.0/,Possible,https://www.flickr.com/people/nyayahealth/,Nyaya Health: Lab i-Stat
one_person,209,2bcc5062d0f8e0c1,images/one_person/one_person_audit_023_2bcc5062d0f8e0c1.jpg,1,1,landscape,mid,0.6171,0.1523,0.2206,medium,1024,768,0.2005,https://open-images-dataset.s3.amazonaws.com/validation/2bcc5062d0f8e0c1.jpg,https://farm2.staticflickr.com/7067/6990754957_94b7d42007_o.jpg,https://www.flickr.com/photos/katiethebeau/6990754957,https://creativecommons.org/licenses/by/2.0/,KatieThebeau,https://www.flickr.com/people/katiethebeau/,Swimming with dolphins!
one_person,210,72b1ee7308be7e9c,images/one_person/one_person_audit_024_72b1ee7308be7e9c.jpg,1,1,landscape,mid,0.4964,0.2363,0.2237,close,1024,680,0.4799,https://open-images-dataset.s3.amazonaws.com/validation/72b1ee7308be7e9c.jpg,https://c5.staticflickr.com/4/3946/15338602430_71cb5b20f3_o.jpg,https://www.flickr.com/photos/navcent/15338602430,https://creativecommons.org/licenses/by/2.0/,U.S. Naval Forces Central Command/U.S. Fifth Fleet,https://www.flickr.com/people/navcent/,USS George H.W. Bush (CVN 77)_141009-N-MW819-034
one_person,211,de3a1770a5080306,images/one_person/one_person_audit_025_de3a1770a5080306.jpg,1,1,landscape,mid,0.5537,0.2911,0.0439,close,1024,680,0.4421,https://open-images-dataset.s3.amazonaws.com/validation/de3a1770a5080306.jpg,https://farm7.staticflickr.com/5028/5562605526_0d23d73bbb_o.jpg,https://www.flickr.com/photos/smaentz/5562605526,https://creativecommons.org/licenses/by/2.0/,Scott Maentz,https://www.flickr.com/people/smaentz/,DSC_0327
one_person,212,964301aa6ffb97c0,images/one_person/one_person_audit_026_964301aa6ffb97c0.jpg,1,1,squareish,mid,0.4765,0.3297,0.0000,medium,1024,1024,0.3095,https://open-images-dataset.s3.amazonaws.com/validation/964301aa6ffb97c0.jpg,https://farm1.staticflickr.com/8586/16810131316_4b65f178d9_o.jpg,https://www.flickr.com/photos/brunifia/16810131316,https://creativecommons.org/licenses/by/2.0/,brunifia,https://www.flickr.com/people/brunifia/,#Piccolipiaceri#ilBar#Barman#hairstylist #Style#bar#caffe'#ilmiobarpreferito#cappuccino#mattinaalbar#appuntamentostilosoalbar#instabar#blackandwhite #Biancoenero
one_person,213,d1a995e53123f606,images/one_person/one_person_audit_027_d1a995e53123f606.jpg,1,1,landscape,mid,0.4286,0.2493,0.0000,medium,1024,658,0.3397,https://open-images-dataset.s3.amazonaws.com/validation/d1a995e53123f606.jpg,https://farm7.staticflickr.com/4127/5061133003_5bf23817d6_o.jpg,https://www.flickr.com/photos/cmichel67/5061133003,https://creativecommons.org/licenses/by/2.0/,Christopher Michel,https://www.flickr.com/people/cmichel67/,USS Makin Island
one_person,214,d1c01a582bcefb27,images/one_person/one_person_audit_028_d1c01a582bcefb27.jpg,1,1,portrait,mid,0.3783,0.3070,0.1795,close,548,1024,0.7968,https://open-images-dataset.s3.amazonaws.com/validation/d1c01a582bcefb27.jpg,https://farm8.staticflickr.com/4007/4561529163_f203fea162_o.jpg,https://www.flickr.com/photos/paulkehrer/4561529163,https://creativecommons.org/licenses/by/2.0/,Paul Kehrer,https://www.flickr.com/people/paulkehrer/,I Got It!
one_person,215,f54cecf49c0397f5,images/one_person/one_person_audit_029_f54cecf49c0397f5.jpg,1,1,landscape,dark,0.3172,0.2043,0.1945,close,1024,683,0.5260,https://open-images-dataset.s3.amazonaws.com/validation/f54cecf49c0397f5.jpg,https://farm6.staticflickr.com/7460/9719189070_5a3d857ce5_o.jpg,https://www.flickr.com/photos/mountrainiernps/9719189070/,https://creativecommons.org/licenses/by/2.0/,Mount Rainier National Park,https://www.flickr.com/people/mountrainiernps/,Loren Lane
one_person,216,e07438cdd4d9165a,images/one_person/one_person_audit_030_e07438cdd4d9165a.jpg,1,1,squareish,mid,0.3732,0.3019,0.2935,close,987,1024,0.7593,https://open-images-dataset.s3.amazonaws.com/validation/e07438cdd4d9165a.jpg,https://c3.staticflickr.com/3/2482/4102045455_0598da92d7_o.jpg,https://www.flickr.com/photos/video4net/4102045455,https://creativecommons.org/licenses/by/2.0/,Pete Bellis,https://www.flickr.com/people/video4net/,TFD (The First drop) Open Day
one_person,217,c15a26c195af52a1,images/one_person/one_person_audit_031_c15a26c195af52a1.jpg,1,1,squareish,mid,0.5449,0.2489,0.2568,close,986,1024,0.9006,https://open-images-dataset.s3.amazonaws.com/validation/c15a26c195af52a1.jpg,https://farm2.staticflickr.com/7035/6439655537_ecf5d780be_o.jpg,https://www.flickr.com/photos/62507087@N03/6439655537,https://creativecommons.org/licenses/by/2.0/,G Schanel,https://www.flickr.com/people/62507087@N03/,Week 3 Pic
one_person,218,d8499b4715df16c6,images/one_person/one_person_audit_032_d8499b4715df16c6.jpg,1,1,portrait,mid,0.6244,0.2637,0.2051,close,768,1024,0.9886,https://open-images-dataset.s3.amazonaws.com/validation/d8499b4715df16c6.jpg,https://farm7.staticflickr.com/4069/4638767355_576af8158c_o.jpg,https://www.flickr.com/photos/therealbrute/4638767355,https://creativecommons.org/licenses/by/2.0/,therealbrute,https://www.flickr.com/people/therealbrute/,dimples....
one_person,219,bb47870d8888b573,images/one_person/one_person_audit_033_bb47870d8888b573.jpg,1,1,portrait,mid,0.4453,0.2756,0.1927,close,683,1024,0.9353,https://open-images-dataset.s3.amazonaws.com/validation/bb47870d8888b573.jpg,https://farm4.staticflickr.com/7225/7332359890_c556934821_o.jpg,https://www.flickr.com/photos/vew82/7332359890,https://creativecommons.org/licenses/by/2.0/,vew82,https://www.flickr.com/people/vew82/,IMG_0006
one_person,220,b1d4c65a05fb7095,images/one_person/one_person_audit_034_b1d4c65a05fb7095.jpg,1,1,portrait,mid,0.5569,0.2512,0.1531,close,731,1024,0.7924,https://open-images-dataset.s3.amazonaws.com/validation/b1d4c65a05fb7095.jpg,https://farm6.staticflickr.com/5211/5476945267_1aa1c87501_o.jpg,https://www.flickr.com/photos/west_point/5476945267,https://creativecommons.org/licenses/by/2.0/,West Point - The U.S. Military Academy,https://www.flickr.com/people/west_point/,110225-A-4565G-001
one_person,221,863fdfd7501e00a4,images/one_person/one_person_audit_035_863fdfd7501e00a4.jpg,1,1,landscape,mid,0.3792,0.2137,0.1044,close,1024,683,0.7493,https://open-images-dataset.s3.amazonaws.com/validation/863fdfd7501e00a4.jpg,https://farm5.staticflickr.com/6140/6042883770_b63d0a2870_o.jpg,https://www.flickr.com/photos/thrivera/6042883770,https://creativecommons.org/licenses/by/2.0/,Marvin Abrinica,https://www.flickr.com/people/thrivera/,Filipina babies in the squatter areas
one_person,222,965ae43e3a57411e,images/one_person/one_person_audit_036_965ae43e3a57411e.jpg,1,1,landscape,mid,0.5976,0.2799,0.1484,close,1024,768,0.6930,https://open-images-dataset.s3.amazonaws.com/validation/965ae43e3a57411e.jpg,https://c7.staticflickr.com/8/7058/6984422147_5f55af1d26_o.jpg,https://www.flickr.com/photos/policyexchange/6984422147,https://creativecommons.org/licenses/by/2.0/,Policy Exchange,https://www.flickr.com/people/policyexchange/,Fraser Nelson at Policy Fight Club
one_person,223,4ee7201f6d87b151,images/one_person/one_person_audit_037_4ee7201f6d87b151.jpg,1,1,portrait,mid,0.5876,0.3377,0.2261,close,685,1024,0.9346,https://open-images-dataset.s3.amazonaws.com/validation/4ee7201f6d87b151.jpg,https://farm2.staticflickr.com/2799/4124116273_6da34de893_o.jpg,https://www.flickr.com/photos/wjboyz/4124116273,https://creativecommons.org/licenses/by/2.0/,Wenjay Tew,https://www.flickr.com/people/wjboyz/,A malay girl backligthing
one_person,224,be08b7bb9582146e,images/one_person/one_person_audit_038_be08b7bb9582146e.jpg,1,1,squareish,mid,0.6804,0.2267,0.1724,close,1024,1024,0.9910,https://open-images-dataset.s3.amazonaws.com/validation/be08b7bb9582146e.jpg,https://c7.staticflickr.com/9/8886/18503691476_94d443a0bf_o.jpg,https://www.flickr.com/photos/rezapci/18503691476,https://creativecommons.org/licenses/by/2.0/,Lion Multimedia Production U.S.A.,https://www.flickr.com/people/rezapci/,celebrate birth anniversary of Imam Hussein
one_person,225,b5951f9b9138f429,images/one_person/one_person_audit_039_b5951f9b9138f429.jpg,1,1,squareish,mid,0.5716,0.2574,0.1858,close,1024,1024,0.7698,https://open-images-dataset.s3.amazonaws.com/validation/b5951f9b9138f429.jpg,https://c2.staticflickr.com/6/5484/14331494818_0536f6e700_o.jpg,https://www.flickr.com/photos/jimmylarsson/14331494818,https://creativecommons.org/licenses/by/2.0/,Jimmy Larsson,https://www.flickr.com/people/jimmylarsson/,En veckas semesterstubb. Familjens stora samtalsämne: fortsätta eller bort?
multiple_people,4,0572b61a4613221d,images/multiple_people/multiple_people_004_0572b61a4613221d.jpg,2,2,portrait,mid,0.5822,0.1452,0.0955,crowd,664,1024,0.7791,https://open-images-dataset.s3.amazonaws.com/validation/0572b61a4613221d.jpg,https://c6.staticflickr.com/8/7121/13278952423_8037614b3a_o.jpg,https://www.flickr.com/photos/upsand/13278952423,https://creativecommons.org/licenses/by/2.0/,Upsilon Andromedae,https://www.flickr.com/people/upsand/,Blue belt next
multiple_people,4,0621f33daeb9ed28,images/multiple_people/one_person_004_0621f33daeb9ed28.jpg,2,2,landscape,dark,0.3212,0.2858,0.3572,close,1024,768,0.7542,https://open-images-dataset.s3.amazonaws.com/validation/0621f33daeb9ed28.jpg,https://c1.staticflickr.com/4/3803/8997265631_b2a6b49518_o.jpg,https://www.flickr.com/photos/mauriziolupi/8997265631,https://creativecommons.org/licenses/by/2.0/,Maurizio Lupi,https://www.flickr.com/people/mauriziolupi/,Ministro Lupi sopralluogo galleria monte piazzo con Ciucci Anas Lecco (1)
multiple_people,6,083ec0ce771f0f9b,images/multiple_people/one_person_006_083ec0ce771f0f9b.jpg,2,2,landscape,mid,0.5410,0.2127,0.0713,wide,1024,768,0.0620,https://open-images-dataset.s3.amazonaws.com/validation/083ec0ce771f0f9b.jpg,https://c4.staticflickr.com/9/8309/8012574738_c234e7d31f_o.jpg,https://www.flickr.com/photos/lindah/8012574738,https://creativecommons.org/licenses/by/2.0/,Linda Hartley,https://www.flickr.com/people/lindah/,Thames River Boat Race 2012
multiple_people,7,07080581c9f69bf9,images/multiple_people/multiple_people_007_07080581c9f69bf9.jpg,2,2,landscape,dark,0.3402,0.2752,0.0890,small_group,1024,685,0.2154,https://open-images-dataset.s3.amazonaws.com/validation/07080581c9f69bf9.jpg,https://c2.staticflickr.com/8/7247/7018521703_3532f328c2_o.jpg,https://www.flickr.com/photos/mlibrary/7018521703,https://creativecommons.org/licenses/by/2.0/,University of Michigan Library,https://www.flickr.com/people/mlibrary/,BoSchem Book Event.10.01[24]
multiple_people,7,0edc1660782cb0fb,images/multiple_people/one_person_007_0edc1660782cb0fb.jpg,2,2,portrait,dark,0.2176,0.2471,0.2599,close,680,1024,0.4632,https://open-images-dataset.s3.amazonaws.com/validation/0edc1660782cb0fb.jpg,https://c4.staticflickr.com/5/4090/5066312372_1dee04d4a1_o.jpg,https://www.flickr.com/photos/wojciech_b/5066312372,https://creativecommons.org/licenses/by/2.0/,Wojciech Bednarski,https://www.flickr.com/people/wojciech_b/,Fronteers 2010
multiple_people,8,07c216b2baad22e7,images/multiple_people/multiple_people_008_07c216b2baad22e7.jpg,2,2,portrait,mid,0.4054,0.3209,0.1470,small_group,683,1024,0.3540,https://open-images-dataset.s3.amazonaws.com/validation/07c216b2baad22e7.jpg,https://farm8.staticflickr.com/7117/6862349370_470442b1e4_o.jpg,https://www.flickr.com/photos/29456235@N04/6862349370,https://creativecommons.org/licenses/by/2.0/,Charleston&#x27;s TheDigitel,https://www.flickr.com/people/29456235@N04/,IMG_6841
multiple_people,9,08682945bc30aaf5,images/multiple_people/multiple_people_009_08682945bc30aaf5.jpg,2,2,landscape,mid,0.4100,0.1843,0.0942,crowd,1024,768,0.0079,https://open-images-dataset.s3.amazonaws.com/validation/08682945bc30aaf5.jpg,https://farm6.staticflickr.com/8651/16520132629_a095bdeef9_o.jpg,https://www.flickr.com/photos/106918403@N05/16520132629,https://creativecommons.org/licenses/by/2.0/,lraul06,https://www.flickr.com/people/106918403@N05/,"Catholic church, Oituz / Gorzafalva, Romania"
multiple_people,11,0b07cb2f8452e2eb,images/multiple_people/multiple_people_011_0b07cb2f8452e2eb.jpg,2,2,portrait,dark,0.2790,0.2359,0.1881,crowd,680,1024,0.9338,https://open-images-dataset.s3.amazonaws.com/validation/0b07cb2f8452e2eb.jpg,https://c4.staticflickr.com/1/93/227002031_bca3dd4aa0_o.jpg,https://www.flickr.com/photos/george_reyes/227002031,https://creativecommons.org/licenses/by/2.0/,georgereyes,https://www.flickr.com/people/george_reyes/,DSC_0170
multiple_people,11,10b9aa43bc5f4467,images/multiple_people/one_person_011_10b9aa43bc5f4467.jpg,2,2,landscape,mid,0.5176,0.2904,0.2657,medium,1024,699,0.3153,https://open-images-dataset.s3.amazonaws.com/validation/10b9aa43bc5f4467.jpg,https://farm8.staticflickr.com/3086/5722933580_3d562d0a77_o.jpg,https://www.flickr.com/photos/tauben/5722933580,https://creativecommons.org/licenses/by/2.0/,tauben,https://www.flickr.com/people/tauben/,Empire State Of Mind (9)
multiple_people,12,0b83e754be780735,images/multiple_people/multiple_people_012_0b83e754be780735.jpg,2,2,landscape,mid,0.3902,0.2961,0.2353,small_group,1024,678,0.9802,https://open-images-dataset.s3.amazonaws.com/validation/0b83e754be780735.jpg,https://farm6.staticflickr.com/7352/12145678144_7761840757_o.jpg,https://www.flickr.com/photos/skellysf/12145678144,https://creativecommons.org/licenses/by/2.0/,Stephen Kelly,https://www.flickr.com/people/skellysf/,Time For A Cold One
multiple_people,14,0db22b60fc29dc1a,images/multiple_people/multiple_people_014_0db22b60fc29dc1a.jpg,2,2,landscape,mid,0.4524,0.1753,0.1703,crowd,1024,768,0.4129,https://open-images-dataset.s3.amazonaws.com/validation/0db22b60fc29dc1a.jpg,https://c3.staticflickr.com/1/104/294178943_96a46f17d5_o.jpg,https://www.flickr.com/photos/pauldineen/294178943,https://creativecommons.org/licenses/by/2.0/,Paul L Dineen,https://www.flickr.com/people/pauldineen/,P1030795_edited-1
multiple_people,15,0dbfd1ce7549fb11,images/multiple_people/multiple_people_015_0dbfd1ce7549fb11.jpg,2,2,landscape,mid,0.5892,0.2191,0.1277,two_people,1024,680,0.4536,https://open-images-dataset.s3.amazonaws.com/validation/0dbfd1ce7549fb11.jpg,https://farm2.staticflickr.com/7266/7655588940_f2890fab51_o.jpg,https://www.flickr.com/photos/budawood/7655588940,https://creativecommons.org/licenses/by/2.0/,budawood,https://www.flickr.com/people/budawood/,Picture 148الدوسري
multiple_people,17,0e879a7e1178f821,images/multiple_people/multiple_people_017_0e879a7e1178f821.jpg,2,2,landscape,mid,0.4214,0.2421,0.4383,small_group,1024,682,0.6731,https://open-images-dataset.s3.amazonaws.com/validation/0e879a7e1178f821.jpg,https://farm2.staticflickr.com/7751/18222194910_af15ba0e53_o.jpg,https://www.flickr.com/photos/manu_praba_dissanayake/18222194910,https://creativecommons.org/licenses/by/2.0/,Manu Praba,https://www.flickr.com/people/manu_praba_dissanayake/,little monks
multiple_people,17,1c115d656965abaa,images/multiple_people/one_person_017_1c115d656965abaa.jpg,2,2,landscape,mid,0.5527,0.1466,0.2905,close,1024,768,0.5833,https://open-images-dataset.s3.amazonaws.com/validation/1c115d656965abaa.jpg,https://c3.staticflickr.com/6/5025/5606243203_dc069e9e4c_o.jpg,https://www.flickr.com/photos/miamism/5606243203,https://creativecommons.org/licenses/by/2.0/,Ines Hegedus-Garcia,https://www.flickr.com/people/miamism/,MAST Waterpolo boys win GMAC Championship!
multiple_people,18,1cb2e83802fa408b,images/multiple_people/one_person_018_1cb2e83802fa408b.jpg,2,2,landscape,dark,0.3093,0.2512,0.1300,medium,1024,768,0.3583,https://open-images-dataset.s3.amazonaws.com/validation/1cb2e83802fa408b.jpg,https://c4.staticflickr.com/8/7039/6908561559_5fa5637c82_o.jpg,https://www.flickr.com/photos/gonmi/6908561559/,https://creativecommons.org/licenses/by/2.0/,Nacho,https://www.flickr.com/people/gonmi/,Suzuki
multiple_people,19,205889aec8d947a1,images/multiple_people/one_person_019_205889aec8d947a1.jpg,2,2,landscape,mid,0.5819,0.3314,0.1374,close,1024,768,0.7167,https://open-images-dataset.s3.amazonaws.com/validation/205889aec8d947a1.jpg,https://farm2.staticflickr.com/3408/3607536731_8e40594a0f_o.jpg,https://www.flickr.com/photos/26326001@N08/3607536731,https://creativecommons.org/licenses/by/2.0/,flippinyank,https://www.flickr.com/people/26326001@N08/,Pista sa Nayon 15
multiple_people,22,1477902b097bdc53,images/multiple_people/multiple_people_022_1477902b097bdc53.jpg,2,2,landscape,mid,0.5712,0.2460,0.1709,small_group,1024,679,0.7790,https://open-images-dataset.s3.amazonaws.com/validation/1477902b097bdc53.jpg,https://farm4.staticflickr.com/8334/8362721478_8974034c9f_o.jpg,https://www.flickr.com/photos/uhmed/8362721478,https://creativecommons.org/licenses/by/2.0/,UHMed,https://www.flickr.com/people/uhmed/,JABSOM photos taken by Gary Hofheimer 002
multiple_people,26,1ca31caadd6eee48,images/multiple_people/multiple_people_026_1ca31caadd6eee48.jpg,2,2,landscape,mid,0.4410,0.2692,0.1521,crowd,1024,692,0.0873,https://open-images-dataset.s3.amazonaws.com/validation/1ca31caadd6eee48.jpg,https://c1.staticflickr.com/5/4071/4334809909_7714a59ae7_o.jpg,https://www.flickr.com/photos/25559122@N06/4334809909,https://creativecommons.org/licenses/by/2.0/,sammydavisdog,https://www.flickr.com/people/25559122@N06/,Newmarket Races - unsaddling
multiple_people,27,2a54514ac545b93b,images/multiple_people/one_person_027_2a54514ac545b93b.jpg,2,2,landscape,mid,0.5568,0.2157,0.1424,wide,1024,769,0.0783,https://open-images-dataset.s3.amazonaws.com/validation/2a54514ac545b93b.jpg,https://c4.staticflickr.com/4/3904/14794099720_b020369126_o.jpg,https://www.flickr.com/photos/camay/14794099720/,https://creativecommons.org/licenses/by/2.0/,camay,https://www.flickr.com/people/camay/,20140817_135749_副本
multiple_people,28,1cbe22ffa7bb9876,images/multiple_people/multiple_people_028_1cbe22ffa7bb9876.jpg,2,2,landscape,mid,0.4919,0.1777,0.2144,crowd,1024,684,0.2469,https://open-images-dataset.s3.amazonaws.com/validation/1cbe22ffa7bb9876.jpg,https://farm7.staticflickr.com/3737/12814049183_672ce54d27_o.jpg,https://www.flickr.com/photos/bem_chip/12814049183,https://creativecommons.org/licenses/by/2.0/,Bem photography: 0983194978,https://www.flickr.com/people/bem_chip/,Sư Chùa. Rach Tus Na
multiple_people,29,1e49c20219d5a8c1,images/multiple_people/multiple_people_029_1e49c20219d5a8c1.jpg,2,2,landscape,mid,0.4156,0.2749,0.2038,small_group,1024,768,0.2422,https://open-images-dataset.s3.amazonaws.com/validation/1e49c20219d5a8c1.jpg,https://farm2.staticflickr.com/1081/1025804429_305cfe050b_o.jpg,https://www.flickr.com/photos/billward/1025804429,https://creativecommons.org/licenses/by/2.0/,Bill Ward,https://www.flickr.com/people/billward/,100_6631
multiple_people,29,2b28df0026212bdb,images/multiple_people/one_person_029_2b28df0026212bdb.jpg,2,2,portrait,mid,0.4997,0.2541,0.3201,medium,741,1024,0.3671,https://open-images-dataset.s3.amazonaws.com/validation/2b28df0026212bdb.jpg,https://c4.staticflickr.com/4/3263/2357552957_12fbb3d009_o.jpg,https://www.flickr.com/photos/balladist/2357552957,https://creativecommons.org/licenses/by/2.0/,erin leigh mcconnell,https://www.flickr.com/people/balladist/,"children's royalty, version two"
multiple_people,30,1f2532d7cc2211a6,images/multiple_people/multiple_people_030_1f2532d7cc2211a6.jpg,2,2,landscape,mid,0.4505,0.1807,0.1567,crowd,1024,768,0.0131,https://open-images-dataset.s3.amazonaws.com/validation/1f2532d7cc2211a6.jpg,https://farm7.staticflickr.com/5215/5506857266_a2fc63b62c_o.jpg,https://www.flickr.com/photos/dfid/5506857266,https://creativecommons.org/licenses/by/2.0/,DFID - UK Department for International Development,https://www.flickr.com/people/dfid/,Migrants board a UK-chartered flight from Tunisia to Egypt
multiple_people,31,237d9e22e1655192,images/multiple_people/multiple_people_031_237d9e22e1655192.jpg,2,2,squareish,mid,0.4242,0.2690,0.3294,small_group,1024,918,0.0799,https://open-images-dataset.s3.amazonaws.com/validation/237d9e22e1655192.jpg,https://farm3.staticflickr.com/3947/15564309501_5e5f9d08d2_o.jpg,https://www.flickr.com/photos/devlin85/15564309501,https://creativecommons.org/licenses/by/2.0/,OutlierForLife,https://www.flickr.com/people/devlin85/,Butler Motorsports #18 Sprint Car
multiple_people,32,25459eef01dfa715,images/multiple_people/multiple_people_032_25459eef01dfa715.jpg,2,2,portrait,mid,0.5916,0.2385,0.2268,small_group,683,1024,0.6089,https://open-images-dataset.s3.amazonaws.com/validation/25459eef01dfa715.jpg,https://farm6.staticflickr.com/1015/843667879_7853dcbb88_o.jpg,https://www.flickr.com/photos/reneeviehmann/843667879,https://creativecommons.org/licenses/by/2.0/,Renee V,https://www.flickr.com/people/reneeviehmann/,Care & Cake
multiple_people,33,2620d58863eb1cea,images/multiple_people/multiple_people_033_2620d58863eb1cea.jpg,2,2,landscape,mid,0.5187,0.2106,0.1257,small_group,1024,768,0.4553,https://open-images-dataset.s3.amazonaws.com/validation/2620d58863eb1cea.jpg,https://c3.staticflickr.com/4/3537/3694210722_d611769b40_o.jpg,https://www.flickr.com/photos/arlenacabides/3694210722,https://creativecommons.org/licenses/by/2.0/,Telanhon 1516,https://www.flickr.com/people/arlenacabides/,mga guro ng Las Navas
multiple_people,35,2788147877e5ebb6,images/multiple_people/multiple_people_035_2788147877e5ebb6.jpg,2,2,portrait,dark,0.1795,0.2700,0.1926,small_group,683,1024,0.5417,https://open-images-dataset.s3.amazonaws.com/validation/2788147877e5ebb6.jpg,https://farm7.staticflickr.com/7040/6782141048_c9eec7005d_o.jpg,https://www.flickr.com/photos/quincyroberts/6782141048,https://creativecommons.org/licenses/by/2.0/,Quincy  Roberts,https://www.flickr.com/people/quincyroberts/,Quincy Roberts big ten
multiple_people,37,295a7f2d76bcccb2,images/multiple_people/multiple_people_037_295a7f2d76bcccb2.jpg,2,2,portrait,mid,0.4151,0.3267,0.2386,small_group,819,1024,0.5704,https://open-images-dataset.s3.amazonaws.com/validation/295a7f2d76bcccb2.jpg,https://farm3.staticflickr.com/8038/7911901554_e328fded57_o.jpg,https://www.flickr.com/photos/billmorrow/7911901554,https://creativecommons.org/licenses/by/2.0/,Bill Morrow,https://www.flickr.com/people/billmorrow/,SONOITA FAIRGROUND
multiple_people,40,2db95c7de25d0142,images/multiple_people/multiple_people_040_2db95c7de25d0142.jpg,2,2,landscape,dark,0.0468,0.0766,0.2975,two_people,1024,683,0.2973,https://open-images-dataset.s3.amazonaws.com/validation/2db95c7de25d0142.jpg,https://farm3.staticflickr.com/7345/10590835396_a73aeb9810_o.jpg,https://www.flickr.com/photos/sescmt/10590835396/,https://creativecommons.org/licenses/by/2.0/,SESC Mato Grosso,https://www.flickr.com/people/sescmt/,Amores-2573web
multiple_people,41,3e954b0419cda7fc,images/multiple_people/one_person_041_3e954b0419cda7fc.jpg,2,2,landscape,dark,0.2840,0.2188,0.1446,close,1024,724,1.0000,https://open-images-dataset.s3.amazonaws.com/validation/3e954b0419cda7fc.jpg,https://c5.staticflickr.com/1/59/212598562_1c4283bd65_o.jpg,https://www.flickr.com/photos/barry_b/212598562,https://creativecommons.org/licenses/by/2.0/,zorilla,https://www.flickr.com/people/barry_b/,Firetrap
multiple_people,48,4ae24cbe89d1c008,images/multiple_people/one_person_048_4ae24cbe89d1c008.jpg,2,2,portrait,dark,0.2291,0.2137,0.2218,close,652,1024,0.5888,https://open-images-dataset.s3.amazonaws.com/validation/4ae24cbe89d1c008.jpg,https://c1.staticflickr.com/8/7359/8757261722_a5ddd2ddf9_o.jpg,https://www.flickr.com/photos/photographus/8757261722,https://creativecommons.org/licenses/by/2.0/,PhotoGraphus,https://www.flickr.com/people/photographus/,Jared the bartender
multiple_people,49,40d7e990368a8098,images/multiple_people/multiple_people_049_40d7e990368a8098.jpg,2,2,landscape,bright,0.7379,0.2119,0.0000,two_people,1024,731,0.9380,https://open-images-dataset.s3.amazonaws.com/validation/40d7e990368a8098.jpg,https://c1.staticflickr.com/9/8534/8678570244_9e48e23da3_o.jpg,https://www.flickr.com/photos/jesuitsireland/8678570244,https://creativecommons.org/licenses/by/2.0/,Irish Jesuits,https://www.flickr.com/people/jesuitsireland/,"Pipers & Hurlers marching to Fontenoy on the 1910 hurling tour to Belgium. Cork wore green, Tipperary blue."
multiple_people,50,437b7d65a7d34e09,images/multiple_people/multiple_people_050_437b7d65a7d34e09.jpg,2,2,landscape,mid,0.4796,0.2737,0.2180,crowd,1024,683,1.0000,https://open-images-dataset.s3.amazonaws.com/validation/437b7d65a7d34e09.jpg,https://c2.staticflickr.com/6/5319/7203320130_92f1a901c6_o.jpg,https://www.flickr.com/photos/fotosmuniantofagasta/7203320130,https://creativecommons.org/licenses/by/2.0/,Municipalidad Antofagasta,https://www.flickr.com/people/fotosmuniantofagasta/,Inauguración año escolar Escuela F-60
multiple_people,50,4dc1fffefbb98a4c,images/multiple_people/one_person_050_4dc1fffefbb98a4c.jpg,2,2,landscape,mid,0.4003,0.2633,0.1216,medium,1024,683,0.3561,https://open-images-dataset.s3.amazonaws.com/validation/4dc1fffefbb98a4c.jpg,https://c5.staticflickr.com/4/3469/3859765735_707dbfae38_o.jpg,https://www.flickr.com/photos/bigpresh/3859765735,https://creativecommons.org/licenses/by/2.0/,David Precious,https://www.flickr.com/people/bigpresh/,Jeep
multiple_people,52,457e08528e8c7b1c,images/multiple_people/multiple_people_052_457e08528e8c7b1c.jpg,2,2,landscape,mid,0.6440,0.2100,0.3223,small_group,1024,576,0.1881,https://open-images-dataset.s3.amazonaws.com/validation/457e08528e8c7b1c.jpg,https://c5.staticflickr.com/4/3904/14704163708_22f4e36074_o.jpg,https://www.flickr.com/photos/slgc/14704163708,https://creativecommons.org/licenses/by/2.0/,slgckgc,https://www.flickr.com/people/slgc/,"Dan Warthen, Jon Niese and Anthony Recker Walking from the Bullpen to the Dugout"
multiple_people,52,51fc4414247d1a0b,images/multiple_people/one_person_052_51fc4414247d1a0b.jpg,2,2,portrait,mid,0.5103,0.2005,0.1756,close,768,925,0.7833,https://open-images-dataset.s3.amazonaws.com/validation/51fc4414247d1a0b.jpg,https://c4.staticflickr.com/6/5478/9093957773_5e51e1689b_o.jpg,https://www.flickr.com/photos/doctorcliff/9093957773,https://creativecommons.org/licenses/by/2.0/,drcliffordchoi,https://www.flickr.com/people/doctorcliff/,edwinmoses
multiple_people,54,47d63673cf5be822,images/multiple_people/multiple_people_054_47d63673cf5be822.jpg,2,2,landscape,mid,0.4431,0.2331,0.1593,crowd,1024,768,0.2740,https://open-images-dataset.s3.amazonaws.com/validation/47d63673cf5be822.jpg,https://farm3.staticflickr.com/4086/4964580628_132afed5a3_o.jpg,https://www.flickr.com/photos/dez1172/4964580628,https://creativecommons.org/licenses/by/2.0/,dez1172,https://www.flickr.com/people/dez1172/,Edition 38 X
multiple_people,58,4ba66f4945d0fbab,images/multiple_people/multiple_people_058_4ba66f4945d0fbab.jpg,2,2,landscape,mid,0.4318,0.2741,0.2889,two_people,1024,768,0.8384,https://open-images-dataset.s3.amazonaws.com/validation/4ba66f4945d0fbab.jpg,https://c4.staticflickr.com/4/3865/15017858618_8e1954c6f0_o.jpg,https://www.flickr.com/photos/snibbe/15017858618,https://creativecommons.org/licenses/by/2.0/,Scott Snibbe,https://www.flickr.com/people/snibbe/,DSCN0884
multiple_people,60,4cbde67a16108b62,images/multiple_people/multiple_people_060_4cbde67a16108b62.jpg,2,2,portrait,mid,0.4267,0.1970,0.1344,two_people,768,1024,0.3544,https://open-images-dataset.s3.amazonaws.com/validation/4cbde67a16108b62.jpg,https://farm3.staticflickr.com/5085/5312055670_67cda4a9f8_o.jpg,https://www.flickr.com/photos/union-square/5312055670,https://creativecommons.org/licenses/by/2.0/,Union-Square,https://www.flickr.com/people/union-square/,Union Square Park - dog with friends
multiple_people,60,5bf354dac89b06c7,images/multiple_people/one_person_060_5bf354dac89b06c7.jpg,2,2,landscape,mid,0.3898,0.1420,0.2289,close,1024,641,0.8493,https://open-images-dataset.s3.amazonaws.com/validation/5bf354dac89b06c7.jpg,https://farm8.staticflickr.com/8620/16161923248_49211eb513_o.jpg,https://www.flickr.com/photos/enfocalafoca/16161923248,https://creativecommons.org/licenses/by/2.0/,Jose Luis Hidalgo R.,https://www.flickr.com/people/enfocalafoca/,Neymar Jr.
multiple_people,62,4f9f62662cd767c4,images/multiple_people/multiple_people_062_4f9f62662cd767c4.jpg,2,2,landscape,mid,0.3809,0.2102,0.1800,crowd,1024,680,0.5287,https://open-images-dataset.s3.amazonaws.com/validation/4f9f62662cd767c4.jpg,https://farm5.staticflickr.com/8070/8260897601_a642b99a4c_o.jpg,https://www.flickr.com/photos/joebielawa/8260897601,https://creativecommons.org/licenses/by/2.0/,Joe Bielawa,https://www.flickr.com/people/joebielawa/,Vikings v. Bears-DSC_0723- 12.9.2012
multiple_people,63,50f6b814d85de882,images/multiple_people/multiple_people_063_50f6b814d85de882.jpg,2,2,landscape,mid,0.5917,0.1970,0.3182,two_people,1024,683,0.4159,https://open-images-dataset.s3.amazonaws.com/validation/50f6b814d85de882.jpg,https://farm3.staticflickr.com/2247/5798366423_052591024b_o.jpg,https://www.flickr.com/photos/imatty35/5798366423,https://creativecommons.org/licenses/by/2.0/,Matthew Straubmuller,https://www.flickr.com/people/imatty35/,Carlos Ruiz - Philadelphia Phillies Catcher
multiple_people,65,5287213f5368a583,images/multiple_people/multiple_people_065_5287213f5368a583.jpg,2,2,portrait,mid,0.5995,0.2735,0.2017,crowd,683,1024,0.5852,https://open-images-dataset.s3.amazonaws.com/validation/5287213f5368a583.jpg,https://farm4.staticflickr.com/5474/12228864944_939e75a4c8_o.jpg,https://www.flickr.com/photos/114302043@N07/12228864944,https://creativecommons.org/licenses/by/2.0/,雪笳,https://www.flickr.com/people/114302043@N07/,2014.01.22 彈丸棚拍 科技棚 012
multiple_people,67,53339b6d2e4e4547,images/multiple_people/multiple_people_067_53339b6d2e4e4547.jpg,2,2,landscape,mid,0.5181,0.2075,0.2975,crowd,1024,680,0.6741,https://open-images-dataset.s3.amazonaws.com/validation/53339b6d2e4e4547.jpg,https://farm8.staticflickr.com/3649/3486599086_0b35134f2e_o.jpg,https://www.flickr.com/photos/scottfeldstein/3486599086,https://creativecommons.org/licenses/by/2.0/,scott feldstein,https://www.flickr.com/people/scottfeldstein/,DSC_0045
multiple_people,70,5c0664fa34181d32,images/multiple_people/multiple_people_070_5c0664fa34181d32.jpg,2,2,portrait,dark,0.0635,0.0767,0.3213,crowd,848,1024,0.3611,https://open-images-dataset.s3.amazonaws.com/validation/5c0664fa34181d32.jpg,https://farm3.staticflickr.com/3773/9300093530_36aae7f911_o.jpg,https://www.flickr.com/photos/medeamalmo/9300093530,https://creativecommons.org/licenses/by/2.0/,MEDEA Malmö,https://www.flickr.com/people/medeamalmo/,p8C9SLkDj7PkGY5hiIZM-oLzvTdX6jd8OBkFYQkq0_U
multiple_people,71,5e18f540b6b64144,images/multiple_people/multiple_people_071_5e18f540b6b64144.jpg,2,2,portrait,dark,0.3032,0.2656,0.2888,small_group,683,1024,0.7701,https://open-images-dataset.s3.amazonaws.com/validation/5e18f540b6b64144.jpg,https://farm5.staticflickr.com/3660/3667575236_f42703bea2_o.jpg,https://www.flickr.com/photos/jimmyg/3667575236,https://creativecommons.org/licenses/by/2.0/,jimmyweee,https://www.flickr.com/people/jimmyg/,SDTweetUp
multiple_people,74,626602418d76f821,images/multiple_people/multiple_people_074_626602418d76f821.jpg,2,2,squareish,mid,0.5463,0.2179,0.1818,crowd,1024,1024,0.1489,https://open-images-dataset.s3.amazonaws.com/validation/626602418d76f821.jpg,https://farm2.staticflickr.com/3035/5708912375_c2798a8fde_o.jpg,https://www.flickr.com/photos/diesmali/5708912375,https://creativecommons.org/licenses/by/2.0/,Johan Klovsjö,https://www.flickr.com/people/diesmali/,What's behind me - Linköping Skate Week 2011
multiple_people,75,62693d8625abb7f3,images/multiple_people/multiple_people_075_62693d8625abb7f3.jpg,2,2,landscape,dark,0.3275,0.2122,0.1936,crowd,1024,683,1.0000,https://open-images-dataset.s3.amazonaws.com/validation/62693d8625abb7f3.jpg,https://farm4.staticflickr.com/1089/5110463330_b20068524c_o.jpg,https://www.flickr.com/photos/www_ukberri_net/5110463330,https://creativecommons.org/licenses/by/2.0/,UKBERRI.NET Uribe Kosta eta Erandioko agerkari digitala,https://www.flickr.com/people/www_ukberri_net/,IMG_1460
multiple_people,76,7adb92d70c84acae,images/multiple_people/one_person_076_7adb92d70c84acae.jpg,2,2,landscape,mid,0.4679,0.1812,0.1274,medium,1024,640,0.4004,https://open-images-dataset.s3.amazonaws.com/validation/7adb92d70c84acae.jpg,https://c7.staticflickr.com/5/4127/4976543028_0e93d535d5_o.jpg,https://www.flickr.com/photos/53370644@N06/4976543028,https://creativecommons.org/licenses/by/2.0/,tableatny,https://www.flickr.com/people/53370644@N06/,BXP135616
multiple_people,77,64d1756e012a7fe5,images/multiple_people/multiple_people_077_64d1756e012a7fe5.jpg,2,2,landscape,mid,0.6057,0.1742,0.1667,crowd,1024,680,0.0029,https://open-images-dataset.s3.amazonaws.com/validation/64d1756e012a7fe5.jpg,https://farm6.staticflickr.com/6043/6252413555_c9fc6a7a3d_o.jpg,https://www.flickr.com/photos/glasgows/6252413555,https://creativecommons.org/licenses/by/2.0/,M&amp;R Glasgow,https://www.flickr.com/people/glasgows/,DSC_1214.jpg
multiple_people,78,65b553591a183347,images/multiple_people/multiple_people_078_65b553591a183347.jpg,2,2,landscape,bright,0.6500,0.3380,0.1027,small_group,1024,768,0.2652,https://open-images-dataset.s3.amazonaws.com/validation/65b553591a183347.jpg,https://farm8.staticflickr.com/3263/3162503861_dd6ff8cf8d_o.jpg,https://www.flickr.com/photos/diagne/3162503861,https://creativecommons.org/licenses/by/2.0/,Serigne diagne,https://www.flickr.com/people/diagne/,"Macky Sall ,  Moustapha Niasse , madieyna diouf  et mbaye ndiaye"
multiple_people,80,81713a04dc07149c,images/multiple_people/one_person_080_81713a04dc07149c.jpg,2,2,landscape,mid,0.3823,0.2719,0.3407,medium,1024,768,0.2817,https://open-images-dataset.s3.amazonaws.com/validation/81713a04dc07149c.jpg,https://c5.staticflickr.com/6/5300/5411898000_f8d93a9578_o.jpg,https://www.flickr.com/photos/brutelabs/5411898000,https://creativecommons.org/licenses/by/2.0/,brutelabs@gmail.com,https://www.flickr.com/people/brutelabs/,IMG_20110116_124856
multiple_people,81,6ca9a584eb606f29,images/multiple_people/multiple_people_081_6ca9a584eb606f29.jpg,2,2,landscape,mid,0.4840,0.1446,0.1727,two_people,1024,768,0.1521,https://open-images-dataset.s3.amazonaws.com/validation/6ca9a584eb606f29.jpg,https://c2.staticflickr.com/4/3333/3492021319_cbe50639d2_o.jpg,https://www.flickr.com/photos/62047567@N00/3492021319,https://creativecommons.org/licenses/by/2.0/,Michael McDonald,https://www.flickr.com/people/62047567@N00/,023
multiple_people,83,6df41e4000a23956,images/multiple_people/multiple_people_083_6df41e4000a23956.jpg,2,2,portrait,mid,0.5190,0.3013,0.0698,small_group,682,1024,0.8100,https://open-images-dataset.s3.amazonaws.com/validation/6df41e4000a23956.jpg,https://farm7.staticflickr.com/5346/6967256878_dc7e19a4af_o.jpg,https://www.flickr.com/photos/alternativeartsandfashionweek/6967256878/,https://creativecommons.org/licenses/by/2.0/,|FAT| Arts and Fashion Week,https://www.flickr.com/people/alternativeartsandfashionweek/,IMG_5818
multiple_people,84,6ee0139a7812cb8b,images/multiple_people/multiple_people_084_6ee0139a7812cb8b.jpg,2,2,landscape,mid,0.3798,0.2739,0.1534,crowd,1024,768,0.0532,https://open-images-dataset.s3.amazonaws.com/validation/6ee0139a7812cb8b.jpg,https://c4.staticflickr.com/1/21/30458493_584d6bb156_o.jpg,https://www.flickr.com/photos/itzafineday/30458493,https://creativecommons.org/licenses/by/2.0/,ItzaFineDay,https://www.flickr.com/people/itzafineday/,2004-09-04 15-36-29 2068
multiple_people,85,6f602a6fda8c9151,images/multiple_people/multiple_people_085_6f602a6fda8c9151.jpg,2,2,landscape,mid,0.4361,0.1236,0.1982,two_people,1024,768,0.0107,https://open-images-dataset.s3.amazonaws.com/validation/6f602a6fda8c9151.jpg,https://farm2.staticflickr.com/3512/3251061755_f43772e083_o.jpg,https://www.flickr.com/photos/ana_cotta/3251061755,https://creativecommons.org/licenses/by/2.0/,Ana_Cotta,https://www.flickr.com/people/ana_cotta/,e esse mar...
multiple_people,86,713c5f20e58329be,images/multiple_people/multiple_people_086_713c5f20e58329be.jpg,2,2,portrait,bright,0.7332,0.2595,0.1613,small_group,768,1024,0.5989,https://open-images-dataset.s3.amazonaws.com/validation/713c5f20e58329be.jpg,https://c7.staticflickr.com/7/6204/6062186671_c10d5e33f8_o.jpg,https://www.flickr.com/photos/renaissancechambara/6062186671,https://creativecommons.org/licenses/by/2.0/,Ged Carroll,https://www.flickr.com/people/renaissancechambara/,Last edition of the Irish Post
multiple_people,86,8c2c87cfdccab5fc,images/multiple_people/one_person_086_8c2c87cfdccab5fc.jpg,2,2,squareish,dark,0.2389,0.1286,0.2116,close,1024,1024,0.5769,https://open-images-dataset.s3.amazonaws.com/validation/8c2c87cfdccab5fc.jpg,https://c5.staticflickr.com/9/8438/7757765642_7f022b56ae_o.jpg,https://www.flickr.com/photos/mirjoran/7757765642,https://creativecommons.org/licenses/by/2.0/,mirjoran,https://www.flickr.com/people/mirjoran/,Partykungen.se lever upp till namnet #etrip
multiple_people,89,7809a3b2a8482e1f,images/multiple_people/multiple_people_089_7809a3b2a8482e1f.jpg,2,2,landscape,dark,0.3463,0.3298,0.0836,two_people,1024,577,0.6197,https://open-images-dataset.s3.amazonaws.com/validation/7809a3b2a8482e1f.jpg,https://c8.staticflickr.com/4/3667/9099648952_ea36c51620_o.jpg,https://www.flickr.com/photos/gonmi/9099648952,https://creativecommons.org/licenses/by/2.0/,Nacho,https://www.flickr.com/people/gonmi/,Asno
multiple_people,92,7ae56b9a673b49cb,images/multiple_people/multiple_people_092_7ae56b9a673b49cb.jpg,2,2,portrait,mid,0.4057,0.3038,0.0814,small_group,768,1024,0.2115,https://open-images-dataset.s3.amazonaws.com/validation/7ae56b9a673b49cb.jpg,https://c4.staticflickr.com/1/8/11482410_72d91bccf1_o.jpg,https://www.flickr.com/photos/antmoose/11482410,https://creativecommons.org/licenses/by/2.0/,Anthony Majanlahti,https://www.flickr.com/people/antmoose/,via dei funari 2
multiple_people,93,7c0eb6425d59d816,images/multiple_people/multiple_people_093_7c0eb6425d59d816.jpg,2,2,landscape,mid,0.3999,0.2254,0.2348,small_group,1024,683,0.1822,https://open-images-dataset.s3.amazonaws.com/validation/7c0eb6425d59d816.jpg,https://farm7.staticflickr.com/6121/5949811275_7839d5168f_o.jpg,https://www.flickr.com/photos/irekia/5949811275,https://creativecommons.org/licenses/by/2.0/,Irekia,https://www.flickr.com/people/irekia/,XXX.Uda ikastaroak 4
multiple_people,94,80561ee7028278a9,images/multiple_people/multiple_people_094_80561ee7028278a9.jpg,2,2,landscape,mid,0.4572,0.2918,0.1664,small_group,1024,680,0.5496,https://open-images-dataset.s3.amazonaws.com/validation/80561ee7028278a9.jpg,https://c2.staticflickr.com/8/7070/6818751262_ec9d7251c9_o.jpg,https://www.flickr.com/photos/johnmichaelmayer/6818751262,https://creativecommons.org/licenses/by/2.0/,John Mayer,https://www.flickr.com/people/johnmichaelmayer/,DSC_5348
multiple_people,97,9d3d33e555d4fa68,images/multiple_people/one_person_097_9d3d33e555d4fa68.jpg,2,2,landscape,mid,0.3718,0.2098,0.3254,close,1024,731,1.0000,https://open-images-dataset.s3.amazonaws.com/validation/9d3d33e555d4fa68.jpg,https://c1.staticflickr.com/3/2317/2121332246_3a1aa0223a_o.jpg,https://www.flickr.com/photos/chsibley/2121332246,https://creativecommons.org/licenses/by/2.0/,SibleyHunter,https://www.flickr.com/people/chsibley/,State Flags at half time
multiple_people,98,82b48c199a4d5a8c,images/multiple_people/multiple_people_098_82b48c199a4d5a8c.jpg,2,2,landscape,mid,0.4539,0.2953,0.2454,crowd,1024,680,0.7494,https://open-images-dataset.s3.amazonaws.com/validation/82b48c199a4d5a8c.jpg,https://c5.staticflickr.com/8/7082/6964614062_bf206f4a02_o.jpg,https://www.flickr.com/photos/visitelpaso/6964614062,https://creativecommons.org/licenses/by/2.0/,Visit El Paso,https://www.flickr.com/people/visitelpaso/,Downtown Kidspalooza
multiple_people,102,a0246a30e2370aba,images/multiple_people/one_person_102_a0246a30e2370aba.jpg,2,2,landscape,mid,0.5217,0.2510,0.2556,close,1024,635,0.5661,https://open-images-dataset.s3.amazonaws.com/validation/a0246a30e2370aba.jpg,https://c3.staticflickr.com/4/3927/18236123403_4bcee0bdaf_o.jpg,https://www.flickr.com/photos/obispadocadizyceuta/18236123403,https://creativecommons.org/licenses/by/2.0/,Obispado Cádiz y Ceuta,https://www.flickr.com/people/obispadocadizyceuta/,Corpus Christi Cádiz 16 2015-06-07
multiple_people,103,8753718e2a5bd175,images/multiple_people/multiple_people_103_8753718e2a5bd175.jpg,2,2,landscape,mid,0.3925,0.2702,0.3945,crowd,1024,680,0.0314,https://open-images-dataset.s3.amazonaws.com/validation/8753718e2a5bd175.jpg,https://farm6.staticflickr.com/4107/5071336862_a0d96772cf_o.jpg,https://www.flickr.com/photos/mdpettitt/5071336862,https://creativecommons.org/licenses/by/2.0/,Martin Pettitt,https://www.flickr.com/people/mdpettitt/,Classic & Sports Cars By The Lake 12-9-2010
multiple_people,104,890c0bb9572b493f,images/multiple_people/multiple_people_104_890c0bb9572b493f.jpg,2,2,landscape,mid,0.5465,0.3397,0.1668,crowd,1024,685,0.4254,https://open-images-dataset.s3.amazonaws.com/validation/890c0bb9572b493f.jpg,https://c8.staticflickr.com/3/2060/1852493510_f799fd7859_o.jpg,https://www.flickr.com/photos/ilcello/1852493510,https://creativecommons.org/licenses/by/2.0/,M@rcello;-),https://www.flickr.com/people/ilcello/,Untitled
multiple_people,105,8a31201cf13ea47e,images/multiple_people/multiple_people_105_8a31201cf13ea47e.jpg,2,2,landscape,mid,0.5260,0.2478,0.1494,crowd,892,768,0.9718,https://open-images-dataset.s3.amazonaws.com/validation/8a31201cf13ea47e.jpg,https://c7.staticflickr.com/8/7132/7681514564_626356f70a_o.jpg,https://www.flickr.com/photos/44522791@N00/7681514564,https://creativecommons.org/licenses/by/2.0/,suttonls,https://www.flickr.com/people/44522791@N00/,Sutton Kids Plus
multiple_people,107,8e6ded3a2883d785,images/multiple_people/multiple_people_107_8e6ded3a2883d785.jpg,2,2,landscape,dark,0.2823,0.2157,0.2002,small_group,1024,671,0.7321,https://open-images-dataset.s3.amazonaws.com/validation/8e6ded3a2883d785.jpg,https://farm6.staticflickr.com/125/347873476_76b10787ee_o.jpg,https://www.flickr.com/photos/urnes/347873476,https://creativecommons.org/licenses/by/2.0/,My Past,https://www.flickr.com/people/urnes/,Wiener Sangerknaben
multiple_people,110,90933aea042430bd,images/multiple_people/multiple_people_110_90933aea042430bd.jpg,2,2,landscape,mid,0.5152,0.2776,0.0330,small_group,1024,636,0.9769,https://open-images-dataset.s3.amazonaws.com/validation/90933aea042430bd.jpg,https://c6.staticflickr.com/8/7021/6506057579_389a079d37_o.jpg,https://www.flickr.com/photos/72006245@N05/6506057579,https://creativecommons.org/licenses/by/2.0/,Raoul Luoar,https://www.flickr.com/people/72006245@N05/,Z025
multiple_people,111,94a80cb715e4bcf2,images/multiple_people/multiple_people_111_94a80cb715e4bcf2.jpg,2,2,squareish,mid,0.5711,0.3288,0.3192,crowd,1024,1024,1.0000,https://open-images-dataset.s3.amazonaws.com/validation/94a80cb715e4bcf2.jpg,https://farm3.staticflickr.com/7769/18167857591_7d13fb318e_o.jpg,https://www.flickr.com/photos/caseyflorig/18167857591,https://creativecommons.org/licenses/by/2.0/,Casey Florig,https://www.flickr.com/people/caseyflorig/,"Freeport, Bahamas! Paradise Cove / Deadman's Reef"
multiple_people,113,9a26c2d37c6a34f5,images/multiple_people/multiple_people_113_9a26c2d37c6a34f5.jpg,2,2,landscape,dark,0.3142,0.2681,0.1776,small_group,1024,577,0.0246,https://open-images-dataset.s3.amazonaws.com/validation/9a26c2d37c6a34f5.jpg,https://farm6.staticflickr.com/2830/9789425953_db1955b4dc_o.jpg,https://www.flickr.com/photos/janitors/9789425953,https://creativecommons.org/licenses/by/2.0/,Kārlis Dambrāns,https://www.flickr.com/people/janitors/,Washington DC - Dulles air and space museum
multiple_people,115,9ce1f312d311342c,images/multiple_people/multiple_people_115_9ce1f312d311342c.jpg,2,2,landscape,mid,0.4078,0.2341,0.2797,small_group,1024,768,0.3529,https://open-images-dataset.s3.amazonaws.com/validation/9ce1f312d311342c.jpg,https://c5.staticflickr.com/3/2462/3779352462_f8e79919f2_o.jpg,https://www.flickr.com/photos/gbsk/3779352462,https://creativecommons.org/licenses/by/2.0/,Barry  Silver,https://www.flickr.com/people/gbsk/,Untitled
multiple_people,119,a4c298c5f376de10,images/multiple_people/multiple_people_119_a4c298c5f376de10.jpg,2,2,portrait,dark,0.1185,0.1193,0.1449,two_people,683,1024,0.7754,https://open-images-dataset.s3.amazonaws.com/validation/a4c298c5f376de10.jpg,https://farm1.staticflickr.com/5561/14854385517_ed4d0d8d2f_o.jpg,https://www.flickr.com/photos/48678323@N02/14854385517,https://creativecommons.org/licenses/by/2.0/,son do,https://www.flickr.com/people/48678323@N02/,IMG_0772
multiple_people,120,a75e2e990e336954,images/multiple_people/multiple_people_120_a75e2e990e336954.jpg,2,2,landscape,dark,0.2094,0.2707,0.2155,crowd,1024,739,0.3349,https://open-images-dataset.s3.amazonaws.com/validation/a75e2e990e336954.jpg,https://farm5.staticflickr.com/31/175768365_c2a10b036a_o.jpg,https://www.flickr.com/photos/sis/175768365,https://creativecommons.org/licenses/by/2.0/,Jackie,https://www.flickr.com/people/sis/,From The Balcony
multiple_people,122,aa5782b9a08d297e,images/multiple_people/multiple_people_122_aa5782b9a08d297e.jpg,2,2,landscape,mid,0.4169,0.1899,0.1019,small_group,1024,683,0.4934,https://open-images-dataset.s3.amazonaws.com/validation/aa5782b9a08d297e.jpg,https://c7.staticflickr.com/4/3738/11276745835_281f7f6946_o.jpg,https://www.flickr.com/photos/sakena/11276745835,https://creativecommons.org/licenses/by/2.0/,Sakena,https://www.flickr.com/people/sakena/,Father and son
multiple_people,123,aa8e2b1c612805d3,images/multiple_people/multiple_people_123_aa8e2b1c612805d3.jpg,2,2,landscape,mid,0.4027,0.1582,0.1175,small_group,1024,683,0.3105,https://open-images-dataset.s3.amazonaws.com/validation/aa8e2b1c612805d3.jpg,https://farm4.staticflickr.com/7053/6900691840_0e670e9420_o.jpg,https://www.flickr.com/photos/chadleyphotography/6900691840/,https://creativecommons.org/licenses/by/2.0/,Craig Hadley,https://www.flickr.com/people/chadleyphotography/,Swansea University Karate Club (6)
multiple_people,123,be8f2d2ca5e3d238,images/multiple_people/one_person_123_be8f2d2ca5e3d238.jpg,2,2,landscape,mid,0.5134,0.2518,0.0716,close,1024,296,0.5070,https://open-images-dataset.s3.amazonaws.com/validation/be8f2d2ca5e3d238.jpg,https://c1.staticflickr.com/4/3138/2350729822_90d134754e_o.jpg,https://www.flickr.com/photos/boston_public_library/2350729822,https://creativecommons.org/licenses/by/2.0/,Boston Public Library,https://www.flickr.com/people/boston_public_library/,Panorama of the Huntington Avenue Grounds
multiple_people,124,bfa0d85afa35293c,images/multiple_people/one_person_124_bfa0d85afa35293c.jpg,2,2,landscape,mid,0.4729,0.2395,0.0471,close,1024,593,0.6698,https://open-images-dataset.s3.amazonaws.com/validation/bfa0d85afa35293c.jpg,https://c5.staticflickr.com/8/7386/12317970985_d20b1c4e8a_o.jpg,https://www.flickr.com/photos/ebeneser/12317970985,https://creativecommons.org/licenses/by/2.0/,Ebeneser -säätiö,https://www.flickr.com/people/ebeneser/,lm_vk_alb_016_045
multiple_people,125,adb457360c570c61,images/multiple_people/multiple_people_125_adb457360c570c61.jpg,2,2,portrait,dark,0.2581,0.1635,0.2554,small_group,765,1024,0.9766,https://open-images-dataset.s3.amazonaws.com/validation/adb457360c570c61.jpg,https://farm2.staticflickr.com/5016/5527657193_3e530f81fe_o.jpg,https://www.flickr.com/photos/zbowling/5527657193,https://creativecommons.org/licenses/by/2.0/,Zac Bowling,https://www.flickr.com/people/zbowling/,@mde enjoy man.... Shit... I would give up CA for all four.
multiple_people,126,af3fe568cbd885eb,images/multiple_people/multiple_people_126_af3fe568cbd885eb.jpg,2,2,landscape,mid,0.5660,0.2427,0.2431,crowd,1024,691,0.1792,https://open-images-dataset.s3.amazonaws.com/validation/af3fe568cbd885eb.jpg,https://c4.staticflickr.com/4/3917/14567070472_9be070f51b_o.jpg,https://www.flickr.com/photos/sfupamr/14567070472,https://creativecommons.org/licenses/by/2.0/,Simon Fraser University -  University Communications,https://www.flickr.com/people/sfupamr/,Bhangra dance class
multiple_people,127,b085184e48e9ad7f,images/multiple_people/multiple_people_127_b085184e48e9ad7f.jpg,2,2,portrait,dark,0.2755,0.2370,0.2387,two_people,683,1024,0.5752,https://open-images-dataset.s3.amazonaws.com/validation/b085184e48e9ad7f.jpg,https://c8.staticflickr.com/4/3350/3307520836_d9e1ab99dd_o.jpg,https://www.flickr.com/photos/saumag/3307520836,https://creativecommons.org/licenses/by/2.0/,Southern Arkansas University,https://www.flickr.com/people/saumag/,IMG_7633
multiple_people,128,b22c9468a5256f13,images/multiple_people/multiple_people_128_b22c9468a5256f13.jpg,2,2,squareish,mid,0.5903,0.3122,0.2628,small_group,1024,1024,0.2271,https://open-images-dataset.s3.amazonaws.com/validation/b22c9468a5256f13.jpg,https://farm4.staticflickr.com/768/22053737146_04055bd745_o.jpg,https://www.flickr.com/photos/kargaltsev/22053737146,https://creativecommons.org/licenses/by/2.0/,Sasha Kargaltsev,https://www.flickr.com/people/kargaltsev/,Untitled
multiple_people,129,b575b3425b3e427a,images/multiple_people/multiple_people_129_b575b3425b3e427a.jpg,2,2,landscape,mid,0.4301,0.2783,0.0848,small_group,1024,768,0.8015,https://open-images-dataset.s3.amazonaws.com/validation/b575b3425b3e427a.jpg,https://c3.staticflickr.com/3/2263/1803817558_a068283263_o.jpg,https://www.flickr.com/photos/gintacat/1803817558,https://creativecommons.org/licenses/by/2.0/,YOICHI NAKANISHI,https://www.flickr.com/people/gintacat/,Traditional armor-clad warrior
multiple_people,130,bc347b9d1c3e8f85,images/multiple_people/multiple_people_130_bc347b9d1c3e8f85.jpg,2,2,landscape,mid,0.5545,0.2304,0.0822,crowd,1024,681,0.2364,https://open-images-dataset.s3.amazonaws.com/validation/bc347b9d1c3e8f85.jpg,https://farm6.staticflickr.com/8704/16791427316_d04eeec539_o.jpg,https://www.flickr.com/photos/hayleykatherinephotography/16791427316,https://creativecommons.org/licenses/by/2.0/,Hayley Robinson,https://www.flickr.com/people/hayleykatherinephotography/,D71
multiple_people,130,c9ecf7b1e970a65a,images/multiple_people/one_person_130_c9ecf7b1e970a65a.jpg,2,2,landscape,mid,0.4527,0.2916,0.2918,close,1024,683,0.8982,https://open-images-dataset.s3.amazonaws.com/validation/c9ecf7b1e970a65a.jpg,https://c3.staticflickr.com/8/7513/15744865550_4e066c67fd_o.jpg,https://www.flickr.com/photos/coppadelledolomiti/15744865550/,https://creativecommons.org/licenses/by/2.0/,Coppa delle Dolomiti,https://www.flickr.com/people/coppadelledolomiti/,Adamello Ski Raid Junior - 21° Memorial Fabio Stedile
multiple_people,132,bf4ae311970fabfb,images/multiple_people/multiple_people_132_bf4ae311970fabfb.jpg,2,2,squareish,dark,0.3041,0.3229,0.1053,crowd,1024,1024,0.7942,https://open-images-dataset.s3.amazonaws.com/validation/bf4ae311970fabfb.jpg,https://c4.staticflickr.com/1/765/20348967378_3a69bb07b7_o.jpg,https://www.flickr.com/photos/v1ctor/20348967378,https://creativecommons.org/licenses/by/2.0/,Victor,https://www.flickr.com/people/v1ctor/,#Paris #france #protest #gaza #palestin #police
multiple_people,133,c227a42487ad50f6,images/multiple_people/multiple_people_133_c227a42487ad50f6.jpg,2,2,portrait,mid,0.4508,0.1693,0.1635,crowd,680,1024,0.5869,https://open-images-dataset.s3.amazonaws.com/validation/c227a42487ad50f6.jpg,https://farm7.staticflickr.com/5171/5475131239_f9c81d13e8_o.jpg,https://www.flickr.com/photos/tomkunz/5475131239,https://creativecommons.org/licenses/by/2.0/,Tom Kunz,https://www.flickr.com/people/tomkunz/,Untitled
multiple_people,134,c6f0bd65f2c04cc8,images/multiple_people/multiple_people_134_c6f0bd65f2c04cc8.jpg,2,2,landscape,dark,0.2651,0.1904,0.1161,crowd,1024,768,0.0365,https://open-images-dataset.s3.amazonaws.com/validation/c6f0bd65f2c04cc8.jpg,https://c1.staticflickr.com/8/7271/7416859700_af18650e9a_o.jpg,https://www.flickr.com/photos/azugaldia/7416859700,https://creativecommons.org/licenses/by/2.0/,Antonio Zugaldia,https://www.flickr.com/people/azugaldia/,Free screening of Back to the future in Dupont @ 9pm
multiple_people,135,c79d35d63d808405,images/multiple_people/multiple_people_135_c79d35d63d808405.jpg,2,2,landscape,mid,0.5204,0.1636,0.1953,small_group,1024,576,0.9986,https://open-images-dataset.s3.amazonaws.com/validation/c79d35d63d808405.jpg,https://farm6.staticflickr.com/3849/14850895596_1f310709f9_o.jpg,https://www.flickr.com/photos/185scouts/14850895596,https://creativecommons.org/licenses/by/2.0/,185 Scout Group,https://www.flickr.com/people/185scouts/,Gilwell 2014-140
multiple_people,137,c99694537caf6f6c,images/multiple_people/multiple_people_137_c99694537caf6f6c.jpg,2,2,landscape,dark,0.2277,0.2359,0.2108,two_people,1024,535,0.7925,https://open-images-dataset.s3.amazonaws.com/validation/c99694537caf6f6c.jpg,https://c5.staticflickr.com/7/6003/5907731397_4d32d83830_o.jpg,https://www.flickr.com/photos/hydropower/5907731397,https://creativecommons.org/licenses/by/2.0/,International Hydropower Association,https://www.flickr.com/people/hydropower/,Itaipu Dam - Light and Sound Show
multiple_people,138,cc413a5d89c5d8e6,images/multiple_people/multiple_people_138_cc413a5d89c5d8e6.jpg,2,2,portrait,mid,0.4152,0.3056,0.1386,crowd,768,1024,0.4980,https://open-images-dataset.s3.amazonaws.com/validation/cc413a5d89c5d8e6.jpg,https://farm7.staticflickr.com/1086/1268965315_f65ae69248_o.jpg,https://www.flickr.com/photos/austinevan/1268965315,https://creativecommons.org/licenses/by/2.0/,Evan Bench,https://www.flickr.com/people/austinevan/,All Trains go to Paris
multiple_people,141,d0dc51d2e05fdb38,images/multiple_people/multiple_people_141_d0dc51d2e05fdb38.jpg,2,2,portrait,dark,0.3365,0.2230,0.2730,small_group,683,1024,0.4308,https://open-images-dataset.s3.amazonaws.com/validation/d0dc51d2e05fdb38.jpg,https://c1.staticflickr.com/6/5329/9385432495_64aa58dddb_o.jpg,https://www.flickr.com/photos/lunacchi/9385432495,https://creativecommons.org/licenses/by/2.0/,Lunacchi,https://www.flickr.com/people/lunacchi/,Kolohe Andino
multiple_people,146,e4a30a7e8268e31b,images/multiple_people/one_person_146_e4a30a7e8268e31b.jpg,2,2,landscape,mid,0.4081,0.2851,0.1203,wide,1024,768,0.0853,https://open-images-dataset.s3.amazonaws.com/validation/e4a30a7e8268e31b.jpg,https://c4.staticflickr.com/4/3434/3974143038_669f0d1445_o.jpg,https://www.flickr.com/photos/emrank/3974143038,https://creativecommons.org/licenses/by/2.0/,Emran Kassim,https://www.flickr.com/people/emrank/,Speed boat at kawaguchi Lake
multiple_people,148,dc1b027d1e2bd25c,images/multiple_people/multiple_people_148_dc1b027d1e2bd25c.jpg,2,2,portrait,mid,0.4925,0.3549,0.0000,crowd,819,1024,0.0876,https://open-images-dataset.s3.amazonaws.com/validation/dc1b027d1e2bd25c.jpg,https://c5.staticflickr.com/1/151/349873496_7edc2b0f20_o.jpg,https://www.flickr.com/photos/thomconlon/349873496,https://creativecommons.org/licenses/by/2.0/,Thom C,https://www.flickr.com/people/thomconlon/,PA103 USS Queens - near pier
multiple_people,149,dcca601658f79352,images/multiple_people/multiple_people_149_dcca601658f79352.jpg,2,2,portrait,mid,0.4366,0.2452,0.1909,small_group,768,1024,0.1461,https://open-images-dataset.s3.amazonaws.com/validation/dcca601658f79352.jpg,https://farm3.staticflickr.com/8896/17389821321_3d7681700a_o.jpg,https://www.flickr.com/photos/frescotours/17389821321,https://creativecommons.org/licenses/by/2.0/,Fresco Tours,https://www.flickr.com/people/frescotours/,"April 20, 2015 El Camino Portugués Tour #frescotours"
multiple_people,151,dfd2423518569f4f,images/multiple_people/multiple_people_151_dfd2423518569f4f.jpg,2,2,landscape,dark,0.2961,0.1630,0.1122,crowd,1024,682,0.2819,https://open-images-dataset.s3.amazonaws.com/validation/dfd2423518569f4f.jpg,https://c8.staticflickr.com/3/2820/8847294631_66f91b8262_o.jpg,https://www.flickr.com/photos/bojphoto/8847294631,https://creativecommons.org/licenses/by/2.0/,Chris Bojanower,https://www.flickr.com/people/bojphoto/,20130525-rderby-0230.jpg
multiple_people,152,e0ce7226fab905fc,images/multiple_people/multiple_people_152_e0ce7226fab905fc.jpg,2,2,portrait,mid,0.4952,0.2887,0.1526,small_group,690,1024,0.0786,https://open-images-dataset.s3.amazonaws.com/validation/e0ce7226fab905fc.jpg,https://c5.staticflickr.com/4/3085/2868177411_382e727fe2_o.jpg,https://www.flickr.com/photos/the-o/2868177411,https://creativecommons.org/licenses/by/2.0/,David Ohmer,https://www.flickr.com/people/the-o/,Boston - Waterfront Lagoon Gondola &quot;A toast to us&quot;
multiple_people,154,f1f0037b67db92a8,images/multiple_people/one_person_154_f1f0037b67db92a8.jpg,2,2,landscape,dark,0.2838,0.1935,0.3977,close,1024,575,0.5976,https://open-images-dataset.s3.amazonaws.com/validation/f1f0037b67db92a8.jpg,https://c1.staticflickr.com/4/3708/13340318773_254cbf1864_o.jpg,https://www.flickr.com/photos/dez1172/13340318773,https://creativecommons.org/licenses/by/2.0/,dez1172,https://www.flickr.com/people/dez1172/,Ultimate Dubs (132)
multiple_people,155,e1be337cbe35181f,images/multiple_people/multiple_people_155_e1be337cbe35181f.jpg,2,2,landscape,mid,0.4156,0.2317,0.2956,small_group,1024,680,0.2775,https://open-images-dataset.s3.amazonaws.com/validation/e1be337cbe35181f.jpg,https://c8.staticflickr.com/4/3542/3654588974_bc2969112a_o.jpg,https://www.flickr.com/photos/jonathanvail/3654588974/,https://creativecommons.org/licenses/by/2.0/,Jonathan.vail,https://www.flickr.com/people/jonathanvail/,Sailfish
multiple_people,155,f2970bea45ef2e2a,images/multiple_people/one_person_155_f2970bea45ef2e2a.jpg,2,2,landscape,mid,0.4923,0.2026,0.1306,close,1024,768,0.5605,https://open-images-dataset.s3.amazonaws.com/validation/f2970bea45ef2e2a.jpg,https://c3.staticflickr.com/9/8164/7259758828_2ecda19efb_o.jpg,https://www.flickr.com/photos/mig/7259758828,https://creativecommons.org/licenses/by/2.0/,miguelb,https://www.flickr.com/people/mig/,IMG_2558
multiple_people,160,e74a86607d2d93ca,images/multiple_people/multiple_people_160_e74a86607d2d93ca.jpg,2,2,landscape,dark,0.3449,0.2207,0.0000,two_people,1024,683,0.2963,https://open-images-dataset.s3.amazonaws.com/validation/e74a86607d2d93ca.jpg,https://c3.staticflickr.com/8/7691/17055164172_ca98749674_o.jpg,https://www.flickr.com/photos/johnbastoen/17055164172,https://creativecommons.org/licenses/by/2.0/,John Bastoen,https://www.flickr.com/people/johnbastoen/,Street Photography
multiple_people,161,e96e29141cab0bc6,images/multiple_people/multiple_people_161_e96e29141cab0bc6.jpg,2,2,landscape,dark,0.3378,0.1739,0.1371,two_people,1024,683,0.0558,https://open-images-dataset.s3.amazonaws.com/validation/e96e29141cab0bc6.jpg,https://farm7.staticflickr.com/7261/8154897723_4bdc438c0a_o.jpg,https://www.flickr.com/photos/83850382@N02/8154897723,https://creativecommons.org/licenses/by/2.0/,bradfordst219,https://www.flickr.com/people/83850382@N02/,DSC_1267
multiple_people,163,f6348d5f1f9494b4,images/multiple_people/multiple_people_163_f6348d5f1f9494b4.jpg,2,2,landscape,dark,0.3324,0.2059,0.2448,crowd,1024,683,0.4726,https://open-images-dataset.s3.amazonaws.com/validation/f6348d5f1f9494b4.jpg,https://farm5.staticflickr.com/4142/4779565285_ce8de2f29b_o.jpg,https://www.flickr.com/photos/supermac/4779565285,https://creativecommons.org/licenses/by/2.0/,Supermac1961,https://www.flickr.com/people/supermac/,Alfa Romeo BC 2300 Monza
multiple_people,164,f6b22bc7609a0d76,images/multiple_people/multiple_people_164_f6b22bc7609a0d76.jpg,2,2,landscape,mid,0.5778,0.2140,0.2253,two_people,1024,685,0.2661,https://open-images-dataset.s3.amazonaws.com/validation/f6b22bc7609a0d76.jpg,https://farm7.staticflickr.com/2011/1573128692_6f58690b7b_o.jpg,https://www.flickr.com/photos/conchur/1573128692,https://creativecommons.org/licenses/by/2.0/,Conor Lawless,https://www.flickr.com/people/conchur/,MyPatientIsTooSmiley
multiple_people,168,3ec724375056fed7,images/multiple_people/multiple_people_168_3ec724375056fed7.jpg,2,2,landscape,mid,0.3777,0.2612,0.2342,two_people,1024,707,0.1703,https://open-images-dataset.s3.amazonaws.com/validation/3ec724375056fed7.jpg,https://farm8.staticflickr.com/49/144278399_07e11075ac_o.jpg,https://www.flickr.com/photos/blmurch/144278399,https://creativecommons.org/licenses/by/2.0/,Beatrice Murch,https://www.flickr.com/people/blmurch/,"Start in Bolinas, California"
multiple_people,169,d819685832a0e19b,images/multiple_people/multiple_people_audit_001_d819685832a0e19b.jpg,2,2,landscape,mid,0.4464,0.3281,0.0806,two_people,1024,683,0.0341,https://open-images-dataset.s3.amazonaws.com/validation/d819685832a0e19b.jpg,https://c4.staticflickr.com/7/6084/6043808899_f30ae853f9_o.jpg,https://www.flickr.com/photos/docmonstereyes/6043808899,https://creativecommons.org/licenses/by/2.0/,docmonstereyes,https://www.flickr.com/people/docmonstereyes/,IMG_3740.jpg
multiple_people,170,62abaccc5fe7a452,images/multiple_people/multiple_people_audit_002_62abaccc5fe7a452.jpg,2,2,landscape,dark,0.2708,0.1992,0.3939,two_people,1024,768,0.0446,https://open-images-dataset.s3.amazonaws.com/validation/62abaccc5fe7a452.jpg,https://farm3.staticflickr.com/1332/717846476_391f26d467_o.jpg,https://www.flickr.com/photos/quazie/717846476,https://creativecommons.org/licenses/by/2.0/,Quazie,https://www.flickr.com/people/quazie/,Day 17 - The taste of minnesota
multiple_people,171,12b999f7e3b75de1,images/multiple_people/multiple_people_audit_003_12b999f7e3b75de1.jpg,2,2,landscape,mid,0.5240,0.1420,0.0883,two_people,1024,768,0.0921,https://open-images-dataset.s3.amazonaws.com/validation/12b999f7e3b75de1.jpg,https://farm2.staticflickr.com/8182/7934159350_58b0a97f16_o.jpg,https://www.flickr.com/photos/editor/7934159350,https://creativecommons.org/licenses/by/2.0/,Bart Everson,https://www.flickr.com/people/editor/,Dinner
multiple_people,172,0671f11d8258d167,images/multiple_people/multiple_people_audit_004_0671f11d8258d167.jpg,2,2,landscape,mid,0.5756,0.1702,0.1157,small_group,1024,704,0.1448,https://open-images-dataset.s3.amazonaws.com/validation/0671f11d8258d167.jpg,https://farm8.staticflickr.com/8499/8364334820_851d32ebb8_o.jpg,https://www.flickr.com/photos/hmrcgovuk/8364334820,https://creativecommons.org/licenses/by/2.0/,HM Revenue &amp; Customs,https://www.flickr.com/people/hmrcgovuk/,"Operation Installbox - HMRC survelliance of Shakeel Awan, Kevin Burrage, Imran Awan meeting 1"
multiple_people,173,bf5d9fdef70c9334,images/multiple_people/multiple_people_audit_005_bf5d9fdef70c9334.jpg,2,2,landscape,mid,0.4835,0.1824,0.1658,small_group,1024,740,0.3026,https://open-images-dataset.s3.amazonaws.com/validation/bf5d9fdef70c9334.jpg,https://farm5.staticflickr.com/8533/8677784999_d334485342_o.jpg,https://www.flickr.com/photos/nordique/8677784999,https://creativecommons.org/licenses/by/2.0/,Peter Stevens,https://www.flickr.com/people/nordique/,"Ed, Pete, Dick"
multiple_people,174,066571234281ca95,images/multiple_people/multiple_people_audit_006_066571234281ca95.jpg,2,2,landscape,mid,0.4996,0.1943,0.0973,small_group,1024,666,0.2730,https://open-images-dataset.s3.amazonaws.com/validation/066571234281ca95.jpg,https://farm6.staticflickr.com/8799/17244863515_d720ea9c5d_o.jpg,https://www.flickr.com/photos/dodnewsfeatures/17244863515,https://creativecommons.org/licenses/by/2.0/,DoD News Features,https://www.flickr.com/people/dodnewsfeatures/,150417-F-QP401-280
multiple_people,175,416573cfa754789f,images/multiple_people/multiple_people_audit_007_416573cfa754789f.jpg,2,2,landscape,mid,0.4681,0.2403,0.2040,small_group,1024,766,0.0538,https://open-images-dataset.s3.amazonaws.com/validation/416573cfa754789f.jpg,https://c8.staticflickr.com/2/1277/1286311461_d439f83f6b_o.jpg,https://www.flickr.com/photos/shammond42/1286311461,https://creativecommons.org/licenses/by/2.0/,Steven hammond,https://www.flickr.com/people/shammond42/,Williamsburg Carriage
multiple_people,176,7efe316eff8c93b1,images/multiple_people/multiple_people_audit_008_7efe316eff8c93b1.jpg,2,2,portrait,dark,0.2508,0.2741,0.2648,two_people,768,1024,0.7982,https://open-images-dataset.s3.amazonaws.com/validation/7efe316eff8c93b1.jpg,https://farm2.staticflickr.com/5534/11038605715_780cf2d3f6_o.jpg,https://www.flickr.com/photos/sezzles/11038605715,https://creativecommons.org/licenses/by/2.0/,Give Me Gimmicks,https://www.flickr.com/people/sezzles/,WWE Minehead - Prime Time Players vs Hunico and Camacho - 16 Nov 13 - 009
multiple_people,177,5c9645ab78b0c0b4,images/multiple_people/multiple_people_audit_009_5c9645ab78b0c0b4.jpg,2,2,landscape,mid,0.3593,0.1987,0.2915,crowd,1024,680,0.8891,https://open-images-dataset.s3.amazonaws.com/validation/5c9645ab78b0c0b4.jpg,https://farm5.staticflickr.com/3632/5704866236_1229f49772_o.jpg,https://www.flickr.com/photos/ramonduran/5704866236,https://creativecommons.org/licenses/by/2.0/,Ramón Durán,https://www.flickr.com/people/ramonduran/,pleno esfuerzo
multiple_people,178,711f4bda960e3983,images/multiple_people/multiple_people_audit_010_711f4bda960e3983.jpg,2,2,portrait,mid,0.4533,0.2922,0.2102,two_people,683,1024,0.2154,https://open-images-dataset.s3.amazonaws.com/validation/711f4bda960e3983.jpg,https://farm4.staticflickr.com/5321/16964105604_349681acda_o.jpg,https://www.flickr.com/photos/26349479@N07/16964105604,https://creativecommons.org/licenses/by/2.0/,adrian8_8,https://www.flickr.com/people/26349479@N07/,IMG_4456
multiple_people,179,b82be70bdaac5199,images/multiple_people/multiple_people_audit_011_b82be70bdaac5199.jpg,2,2,landscape,bright,0.7602,0.2309,0.3812,two_people,1024,692,0.5858,https://open-images-dataset.s3.amazonaws.com/validation/b82be70bdaac5199.jpg,https://c2.staticflickr.com/1/31/63648579_729730b72f_o.jpg,https://www.flickr.com/photos/toddneville/63648579,https://creativecommons.org/licenses/by/2.0/,ToddonFlickr,https://www.flickr.com/people/toddneville/,Lisa's instructor napping
multiple_people,180,39511f7a57d98423,images/multiple_people/multiple_people_audit_012_39511f7a57d98423.jpg,2,2,landscape,mid,0.3580,0.1711,0.2880,two_people,1024,686,0.2837,https://open-images-dataset.s3.amazonaws.com/validation/39511f7a57d98423.jpg,https://farm4.staticflickr.com/112/292577687_a0c03600e5_o.jpg,https://www.flickr.com/photos/chapter3/292577687,https://creativecommons.org/licenses/by/2.0/,Jens karlsson,https://www.flickr.com/people/chapter3/,boysspa01
multiple_people,181,24ecee17e7b53fab,images/multiple_people/multiple_people_audit_013_24ecee17e7b53fab.jpg,2,2,landscape,dark,0.2534,0.2984,0.1017,two_people,1024,680,0.3309,https://open-images-dataset.s3.amazonaws.com/validation/24ecee17e7b53fab.jpg,https://c4.staticflickr.com/8/7186/7073588327_366113d1dd_o.jpg,https://www.flickr.com/photos/remijdn/7073588327,https://creativecommons.org/licenses/by/2.0/,Rémi Noyon,https://www.flickr.com/people/remijdn/,Olivier Besancenot et Philippe Poutou
multiple_people,182,ca11ed43e49ca797,images/multiple_people/multiple_people_audit_014_ca11ed43e49ca797.jpg,2,2,portrait,mid,0.6157,0.3042,0.1009,two_people,683,1024,0.4228,https://open-images-dataset.s3.amazonaws.com/validation/ca11ed43e49ca797.jpg,https://farm8.staticflickr.com/3064/2765801687_95f0bfa438_o.jpg,https://www.flickr.com/photos/docmonstereyes/2765801687,https://creativecommons.org/licenses/by/2.0/,docmonstereyes,https://www.flickr.com/people/docmonstereyes/,The Hollywood Undead
multiple_people,183,c52a410e3231122b,images/multiple_people/multiple_people_audit_015_c52a410e3231122b.jpg,2,2,landscape,mid,0.3580,0.3411,0.2904,two_people,1024,729,0.4376,https://open-images-dataset.s3.amazonaws.com/validation/c52a410e3231122b.jpg,https://c4.staticflickr.com/8/7050/7003417280_e8ba74b08f_o.jpg,https://www.flickr.com/photos/bbqsonsunday/7003417280,https://creativecommons.org/licenses/by/2.0/,BBQ&#x27;sOnSunday,https://www.flickr.com/people/bbqsonsunday/,A Single Man
multiple_people,184,0d16c88ec322340f,images/multiple_people/multiple_people_audit_016_0d16c88ec322340f.jpg,2,2,landscape,mid,0.4630,0.3150,0.1303,two_people,1024,682,0.3868,https://open-images-dataset.s3.amazonaws.com/validation/0d16c88ec322340f.jpg,https://c8.staticflickr.com/8/7158/6619133749_14b2dc520f_o.jpg,https://www.flickr.com/photos/aalborgstift/6619133749,https://creativecommons.org/licenses/by/2.0/,Aalborg Stift,https://www.flickr.com/people/aalborgstift/,Nytårsgudstjeneste for det officielle Aalborg
multiple_people,185,01fe16fca259a75a,images/multiple_people/multiple_people_audit_017_01fe16fca259a75a.jpg,2,2,landscape,mid,0.3931,0.1155,0.0765,two_people,1024,769,0.5594,https://open-images-dataset.s3.amazonaws.com/validation/01fe16fca259a75a.jpg,https://c3.staticflickr.com/9/8375/8572756223_efcc8736f2_o.jpg,https://www.flickr.com/photos/unc-cfc-usfk/8572756223,https://creativecommons.org/licenses/by/2.0/,UNC - CFC - USFK,https://www.flickr.com/people/unc-cfc-usfk/,Gen. Thurman visit during Key Resolve 2013
multiple_people,186,25b4dd6102799d9e,images/multiple_people/multiple_people_audit_018_25b4dd6102799d9e.jpg,2,2,landscape,dark,0.2050,0.1376,0.1077,two_people,1024,768,0.4109,https://open-images-dataset.s3.amazonaws.com/validation/25b4dd6102799d9e.jpg,https://c7.staticflickr.com/5/4124/4977828829_c5e2f8ea7d_o.jpg,https://www.flickr.com/photos/53429844@N08/4977828829,https://creativecommons.org/licenses/by/2.0/,Barbara Williams2010,https://www.flickr.com/people/53429844@N08/,15034
multiple_people,187,450dc8db3bfee2c9,images/multiple_people/multiple_people_audit_019_450dc8db3bfee2c9.jpg,2,2,landscape,mid,0.6699,0.3179,0.0758,two_people,1024,730,0.4567,https://open-images-dataset.s3.amazonaws.com/validation/450dc8db3bfee2c9.jpg,https://c2.staticflickr.com/3/2908/14384813140_71354e06d8_o.jpg,https://www.flickr.com/photos/aecioneves/14384813140,https://creativecommons.org/licenses/by/2.0/,Aécio Neves,https://www.flickr.com/people/aecioneves/,Aécio Neves - Reunião com Antonio Anastasia - 03/07/2014
multiple_people,188,09ee689a9abeb390,images/multiple_people/multiple_people_audit_020_09ee689a9abeb390.jpg,2,2,landscape,mid,0.5766,0.3380,0.1292,small_group,1024,680,0.2731,https://open-images-dataset.s3.amazonaws.com/validation/09ee689a9abeb390.jpg,https://farm1.staticflickr.com/4143/4926478250_e600cd5899_o.jpg,https://www.flickr.com/photos/budawood/4926478250,https://creativecommons.org/licenses/by/2.0/,budawood,https://www.flickr.com/people/budawood/,Picture 081عمر
multiple_people,189,82ce67eff0dad8f0,images/multiple_people/multiple_people_audit_021_82ce67eff0dad8f0.jpg,2,2,landscape,mid,0.4388,0.2484,0.2916,two_people,1024,768,0.2759,https://open-images-dataset.s3.amazonaws.com/validation/82ce67eff0dad8f0.jpg,https://farm1.staticflickr.com/4101/4890203306_2eb6f05ed7_o.jpg,https://www.flickr.com/photos/9512940@N08/4890203306,https://creativecommons.org/licenses/by/2.0/,David Gardiner,https://www.flickr.com/people/9512940@N08/,Darwin Niall and Harris slides
multiple_people,190,60e96ffa25d1eece,images/multiple_people/multiple_people_audit_022_60e96ffa25d1eece.jpg,2,2,portrait,mid,0.4303,0.3649,0.0000,two_people,683,1024,0.4228,https://open-images-dataset.s3.amazonaws.com/validation/60e96ffa25d1eece.jpg,https://c7.staticflickr.com/1/46/179818130_97185ba59a_o.jpg,https://www.flickr.com/photos/onefromrome/179818130,https://creativecommons.org/licenses/by/2.0/,Enrico,https://www.flickr.com/people/onefromrome/,Il vecchio e il nuovo (The old and the new)
multiple_people,191,7484adc5ee36ff13,images/multiple_people/multiple_people_audit_023_7484adc5ee36ff13.jpg,2,2,landscape,mid,0.4373,0.2022,0.0987,two_people,1024,768,0.2770,https://open-images-dataset.s3.amazonaws.com/validation/7484adc5ee36ff13.jpg,https://farm4.staticflickr.com/2749/4050326455_c3b473f57a_o.jpg,https://www.flickr.com/photos/plamere/4050326455/,https://creativecommons.org/licenses/by/2.0/,Paul Lamere,https://www.flickr.com/people/plamere/,"An Analysis of ISMIR Proceedings: Patterns of Authorship, Topic, and Citation"
multiple_people,192,7782d6a1c97a18d4,images/multiple_people/multiple_people_audit_024_7782d6a1c97a18d4.jpg,2,2,landscape,mid,0.4259,0.2201,0.1903,small_group,1024,768,0.2234,https://open-images-dataset.s3.amazonaws.com/validation/7782d6a1c97a18d4.jpg,https://farm5.staticflickr.com/5560/14918445442_db7f4a40f4_o.jpg,https://www.flickr.com/photos/99292716@N06/14918445442,https://creativecommons.org/licenses/by/2.0/,Eric Garcetti,https://www.flickr.com/people/99292716@N06/,LAFD Chief Swearing In Ceremony
multiple_people,193,dd8a7bf210628fd7,images/multiple_people/multiple_people_audit_025_dd8a7bf210628fd7.jpg,2,2,landscape,mid,0.4835,0.2129,0.1614,two_people,1024,682,0.4111,https://open-images-dataset.s3.amazonaws.com/validation/dd8a7bf210628fd7.jpg,https://farm8.staticflickr.com/1025/1397988013_c90856c829_o.jpg,https://www.flickr.com/photos/clscphotos/1397988013,https://creativecommons.org/licenses/by/2.0/,CLSCphotos,https://www.flickr.com/people/clscphotos/,ann beebe and nk
multiple_people,194,1e3791a88b656c6a,images/multiple_people/multiple_people_audit_026_1e3791a88b656c6a.jpg,2,2,squareish,dark,0.3427,0.2644,0.0000,two_people,1003,1024,0.2102,https://open-images-dataset.s3.amazonaws.com/validation/1e3791a88b656c6a.jpg,https://c3.staticflickr.com/2/1282/1197335768_7e6a10f304_o.jpg,https://www.flickr.com/photos/92682792@N00/1197335768,https://creativecommons.org/licenses/by/2.0/,gravitat-OFF,https://www.flickr.com/people/92682792@N00/,erste Freundin Seminarstrasse Plauen
multiple_people,195,7fc7957c278a66c0,images/multiple_people/multiple_people_audit_027_7fc7957c278a66c0.jpg,2,2,landscape,mid,0.5243,0.3198,0.1368,two_people,1024,683,0.2937,https://open-images-dataset.s3.amazonaws.com/validation/7fc7957c278a66c0.jpg,https://farm1.staticflickr.com/6117/6273284342_1dd7153aec_o.jpg,https://www.flickr.com/photos/jramspott/6273284342,https://creativecommons.org/licenses/by/2.0/,John Ramspott,https://www.flickr.com/people/jramspott/,Levs and Azriel
multiple_people,196,7bdca6c47132bda1,images/multiple_people/multiple_people_audit_028_7bdca6c47132bda1.jpg,2,2,landscape,dark,0.2801,0.2657,0.1558,small_group,1024,680,0.1460,https://open-images-dataset.s3.amazonaws.com/validation/7bdca6c47132bda1.jpg,https://farm2.staticflickr.com/8334/8122496576_2972dc12c8_o.jpg,https://www.flickr.com/photos/usnavalwarcollegeri/8122496576,https://creativecommons.org/licenses/by/2.0/,U.S. Naval War College,https://www.flickr.com/people/usnavalwarcollegeri/,121025-N-LE393-083
multiple_people,197,46b1e160e19f7080,images/multiple_people/multiple_people_audit_029_46b1e160e19f7080.jpg,2,2,landscape,mid,0.3539,0.3042,0.2394,two_people,1024,678,0.4153,https://open-images-dataset.s3.amazonaws.com/validation/46b1e160e19f7080.jpg,https://farm1.staticflickr.com/2837/11100158585_50211d030f_o.jpg,https://www.flickr.com/photos/agriculturasp/11100158585,https://creativecommons.org/licenses/by/2.0/,Secretaria de Agricultura e Abastecimento,https://www.flickr.com/people/agriculturasp/,Pm Indiana  -  27/11/2013
multiple_people,198,e53516fe572e80cc,images/multiple_people/multiple_people_audit_030_e53516fe572e80cc.jpg,2,2,landscape,mid,0.4860,0.1797,0.1185,small_group,1024,683,0.4214,https://open-images-dataset.s3.amazonaws.com/validation/e53516fe572e80cc.jpg,https://c5.staticflickr.com/4/3920/14886290911_74821ec24f_o.jpg,https://www.flickr.com/photos/593rd/14886290911,https://creativecommons.org/licenses/by/2.0/,593rd Sustainment Command (Expeditionary),https://www.flickr.com/people/593rd/,Warrior Exercise at Fort Hunter Liggett
multiple_people,199,1b8d52cb603f71ad,images/multiple_people/multiple_people_audit_031_1b8d52cb603f71ad.jpg,2,2,landscape,mid,0.4700,0.2365,0.2026,two_people,1024,687,0.5488,https://open-images-dataset.s3.amazonaws.com/validation/1b8d52cb603f71ad.jpg,https://c6.staticflickr.com/2/1043/4723515230_34e55274ac_o.jpg,https://www.flickr.com/photos/cambodia4kidsorg/4723515230,https://creativecommons.org/licenses/by/2.0/,Cambodia4kids.org Beth Kanter,https://www.flickr.com/people/cambodia4kidsorg/,Allison Fine and Stephanie McAuliffe
multiple_people,200,363fbcd9d3492c8f,images/multiple_people/multiple_people_audit_032_363fbcd9d3492c8f.jpg,2,2,landscape,mid,0.3723,0.1950,0.1293,two_people,1024,680,0.8312,https://open-images-dataset.s3.amazonaws.com/validation/363fbcd9d3492c8f.jpg,https://c8.staticflickr.com/8/7407/9126346508_87c8b81a28_o.jpg,https://www.flickr.com/photos/budawood/9126346508,https://creativecommons.org/licenses/by/2.0/,budawood,https://www.flickr.com/people/budawood/,DSC_0139المسري
multiple_people,201,b8d6dcbc1ee43a28,images/multiple_people/multiple_people_audit_033_b8d6dcbc1ee43a28.jpg,2,2,landscape,mid,0.6400,0.2387,0.1140,two_people,1024,787,0.6460,https://open-images-dataset.s3.amazonaws.com/validation/b8d6dcbc1ee43a28.jpg,https://c1.staticflickr.com/4/3362/3331521955_d56bf74e2f_o.jpg,https://www.flickr.com/photos/bantam10/3331521955,https://creativecommons.org/licenses/by/2.0/,Ted Van Pelt,https://www.flickr.com/people/bantam10/,Dad and Son
multiple_people,202,faec5f5baaf27846,images/multiple_people/multiple_people_audit_034_faec5f5baaf27846.jpg,2,2,portrait,dark,0.2658,0.2317,0.0081,two_people,683,1024,0.8402,https://open-images-dataset.s3.amazonaws.com/validation/faec5f5baaf27846.jpg,https://farm7.staticflickr.com/5286/5347599764_bbd948364c_o.jpg,https://www.flickr.com/photos/astridge/5347599764,https://creativecommons.org/licenses/by/2.0/,dolce_evita,https://www.flickr.com/people/astridge/,nigel and henry
multiple_people,203,94ead8b6d52b5942,images/multiple_people/multiple_people_audit_035_94ead8b6d52b5942.jpg,2,2,landscape,mid,0.4143,0.2576,0.2425,two_people,1024,685,0.9114,https://open-images-dataset.s3.amazonaws.com/validation/94ead8b6d52b5942.jpg,https://farm3.staticflickr.com/2159/2466421170_cbd843ee26_o.jpg,https://www.flickr.com/photos/joeshlabotnik/2466421170,https://creativecommons.org/licenses/by/2.0/,Joe Shlabotnik,https://www.flickr.com/people/joeshlabotnik/,A Friend Of Violet
multiple_people,204,1820959df8c1fe35,images/multiple_people/multiple_people_audit_036_1820959df8c1fe35.jpg,2,2,landscape,mid,0.6220,0.3124,0.1439,two_people,1024,887,0.7496,https://open-images-dataset.s3.amazonaws.com/validation/1820959df8c1fe35.jpg,https://farm6.staticflickr.com/2565/5826338411_3dee209384_o.jpg,https://www.flickr.com/photos/monicasecas/5826338411,https://creativecommons.org/licenses/by/2.0/,monicasecas,https://www.flickr.com/people/monicasecas/,Untitled
multiple_people,205,aba0f9495aacd498,images/multiple_people/multiple_people_audit_037_aba0f9495aacd498.jpg,2,2,squareish,bright,0.7274,0.1910,0.1463,two_people,959,1024,0.9411,https://open-images-dataset.s3.amazonaws.com/validation/aba0f9495aacd498.jpg,https://c1.staticflickr.com/4/3609/3595416580_3b0a619ce6_o.jpg,https://www.flickr.com/photos/bhalwal/3595416580,https://creativecommons.org/licenses/by/2.0/,Rizwan Sagar 03458650886,https://www.flickr.com/people/bhalwal/,Urs Hazrat Khawaja Muazam Din Muazam Abad Sargodha
multiple_people,206,c62d2fb45dceca49,images/multiple_people/multiple_people_audit_038_c62d2fb45dceca49.jpg,2,2,landscape,mid,0.6007,0.2357,0.2677,two_people,1024,774,0.6042,https://open-images-dataset.s3.amazonaws.com/validation/c62d2fb45dceca49.jpg,https://c2.staticflickr.com/4/3582/3400900337_7bd8265c5e_o.jpg,https://www.flickr.com/photos/zanini/3400900337,https://creativecommons.org/licenses/by/2.0/,Daniel Zanini H.,https://www.flickr.com/people/zanini/,Parada do orgulho GLBT (Projeto retratos)
multiple_people,207,9db652b99ba0d220,images/multiple_people/multiple_people_audit_039_9db652b99ba0d220.jpg,2,2,landscape,mid,0.5998,0.3077,0.1854,two_people,1024,768,0.5388,https://open-images-dataset.s3.amazonaws.com/validation/9db652b99ba0d220.jpg,https://farm1.staticflickr.com/1438/1102049368_fc78ac2d22_o.jpg,https://www.flickr.com/photos/anselmhook/1102049368,https://creativecommons.org/licenses/by/2.0/,Anselm Hook,https://www.flickr.com/people/anselmhook/,eliz tristan
multiple_people,208,c4c2bb0181ff7fb9,images/multiple_people/multiple_people_audit_040_c4c2bb0181ff7fb9.jpg,2,2,landscape,mid,0.5481,0.2629,0.1281,two_people,1024,683,0.5472,https://open-images-dataset.s3.amazonaws.com/validation/c4c2bb0181ff7fb9.jpg,https://c2.staticflickr.com/6/5561/14608225589_d4c373cdbf_o.jpg,https://www.flickr.com/photos/ismb/14608225589,https://creativecommons.org/licenses/by/2.0/,ismb,https://www.flickr.com/people/ismb/,ISMB14-Jul14-065
multiple_people,209,be4a4a70aa7cc256,images/multiple_people/multiple_people_audit_041_be4a4a70aa7cc256.jpg,2,2,landscape,mid,0.3959,0.2281,0.0730,two_people,1024,681,0.5832,https://open-images-dataset.s3.amazonaws.com/validation/be4a4a70aa7cc256.jpg,https://farm7.staticflickr.com/4112/4973918097_baef210b45_o.jpg,https://www.flickr.com/photos/briapics/4973918097,https://creativecommons.org/licenses/by/2.0/,Bria Evans Barnett,https://www.flickr.com/people/briapics/,Two Monkeys in the Back Seat.
multiple_people,210,38b338a4660dfb4e,images/multiple_people/multiple_people_audit_042_38b338a4660dfb4e.jpg,2,2,portrait,mid,0.5706,0.2602,0.1218,two_people,768,960,0.8878,https://open-images-dataset.s3.amazonaws.com/validation/38b338a4660dfb4e.jpg,https://c7.staticflickr.com/3/2022/2423358574_26ea5fdaf4_o.jpg,https://www.flickr.com/photos/falcon1961/2423358574,https://creativecommons.org/licenses/by/2.0/,Matthew,https://www.flickr.com/people/falcon1961/,Loves Sister - Modified
multiple_people,211,1936cb06da9b15cc,images/multiple_people/multiple_people_audit_043_1936cb06da9b15cc.jpg,2,2,portrait,mid,0.4782,0.2640,0.1644,two_people,815,1024,0.5784,https://open-images-dataset.s3.amazonaws.com/validation/1936cb06da9b15cc.jpg,https://c5.staticflickr.com/7/6204/6070051707_65bb06562f_o.jpg,https://www.flickr.com/photos/megs_pics/6070051707,https://creativecommons.org/licenses/by/2.0/,Megan Cole,https://www.flickr.com/people/megs_pics/,Hilary and Fred Wedding
multiple_people,212,0b05d537aac2b09a,images/multiple_people/multiple_people_audit_044_0b05d537aac2b09a.jpg,2,2,landscape,mid,0.4426,0.2138,0.1347,two_people,1024,681,0.5711,https://open-images-dataset.s3.amazonaws.com/validation/0b05d537aac2b09a.jpg,https://c3.staticflickr.com/3/2435/3784048890_995f7db351_o.jpg,https://www.flickr.com/photos/clender/3784048890,https://creativecommons.org/licenses/by/2.0/,Carl Lender,https://www.flickr.com/people/clender/,Lender Family in Lennox
